Listado de máquinas  excluídas CTT BAIRES A CF (I9801) CTT INTERIOR CF (I9803), Telefonogramas (I1492-I6900) y OPT (I0011-I0110);Region;provincia;Funcion equipo en STS;Server;Clie;Imp;Total de PC;Total de Impresoras;tipo server;Nombre del equipo;Direccion IP;Codigo STS;Observaciones
9 DE JULIO BA;02 PBA_LA PAMPA;B;Serv;S;;;1;1;JP;I1262STM001;10.26.13.170;I1262;B6500ZAAS0001
9 DE JULIO BA;02 PBA_LA PAMPA;B;Imp;;;I;;;JP; ;10.26.13.171;I1262;
ALTA GRACIA CBA;03 CENTRO NEA;X;Serv;S;;;1;1;JP;I2160STM001;10.220.71.170;I2160;X5186ZAAW0001
ALTA GRACIA CBA;03 CENTRO NEA;X;Imp;;;I;;;JP;;10.220.71.171;I2160;
AÑATUYA SE;04 CUYO NOA;G;Serv;S;;;1;1;JP;I3068STM001;10.70.70.170;I3068;G3760ZAAW0001
AÑATUYA SE;04 CUYO NOA;G;Imp;;;I;;;JP; ;10.70.70.171;I3068;
APOSTOLES MS;03 CENTRO NEA;N;Serv;S;;;1;1;JP;I2624STM001;10.130.69.170;I2624;N3350ZAAW0002
APOSTOLES MS;03 CENTRO NEA;N;Imp;;;I;;;JP;;10.130.69.171;I2624;
ARROYO SECO SF;03 CENTRO NEA;S;Serv;S;;;1;1;JP;I2885STM001;10.170.72.170;I2885;S2128ZAAW0001 rehab - robo
ARROYO SECO SF;03 CENTRO NEA;S;Imp;;;I;;;JP;;10.170.72.171;I2885;
AVELLANEDA BA;METRO_Z9;B;Serv;S;;;1;1;JP;B1870ZAAu0001;10.245.83.170;I1137;
AVELLANEDA BA;METRO_Z9;B;Imp;;;I;;;JP;;10.245.83.172;I1137;
AYUDA 1 CF;08 OPERACIONES TELEGRAFICAS;C;Serv;S;;;1;1;JP;C1000ZAAu0417;10.30.136.74;I5270;
AYUDA 1 CF;08 OPERACIONES TELEGRAFICAS;C;Imp;;;I;;;JP;;no conectada;I5270;
AZUL BA;02 PBA_LA PAMPA;B;Serv;S;;;1;1;JP;I1343STM001;10.26.4.170;I1343;B7300ZAAS0001
AZUL BA;02 PBA_LA PAMPA;B;Imp;;;I;;;JP; ;10.26.4.171;I1343;
BAHIA BLANCA BA;02 PBA_LA PAMPA;B;Serv;S;;;1;1;JP;I1381STM001;10.21.66.174;I1381;B8000ZAAW0028
BAHIA BLANCA BA;02 PBA_LA PAMPA;B;Imp;;;I;;;JP; ;10.21.66.175;I1381;
BAHIA BLANCA BA;02 PBA_LA PAMPA;B;Imp;;;I;;;JP; ;10.21.66.176;I1381;
BAHIA BLANCA I BA;02 PBA_LA PAMPA;B;Serv;S;;;1;1;JP;I1781STM001;10.21.66.170;I1781;B8000ZAAW0029
BAIRESD 1 CF;METRO_Z1;C;Serv;S;;;2;1;JP;C1000ZAAu0087;10.30.81.131;I1509;Futura mudanza a SUC COMERCIAL CENTRO POR CIERRE EDIF CPI
BAIRESD 1 CF;METRO_Z1;C;Klie;;C;;;;JP;C1000ZAAu0086;10.30.81.132;I1509;
BAIRESD 1 CF;METRO_Z1;C;Imp;;;I;;;JP;;10.30.81.84;I1509;ip ST311458
BAIRESD CF;METRO_Z1;C;Serv;S;;;2;1;JP;C1000ZAAu0085;10.30.81.133;I1508;10.3.120.173 hasta el 19-set-2008
BAIRESD CF;METRO_Z1;C;Klie;;C;;;;JP;C1000ZAAu0083;10.30.81.135;I1508;Futura mudanza a SUC COMERCIAL CENTRO POR CIERRE EDIF CPI
BAIRESD CF;METRO_Z1;C;Imp;;;I;;;JP;;;I1508;
BAIRESI CF;08 OPERACIONES TELEGRAFICAS;C;Serv;S;;;1;1;JP;C1000ZAAu0474;10.30.136.227;I1491; 
BAIRESI2-TELECOMSPA;08 OPERACIONES TELEGRAFICAS;C;Serv;S;;;1;;OI;C1148ZABW0224;10.30.136.188;I9982;
BAIRESTF 1 CF;08 OPERACIONES TELEGRAFICAS;C;Serv;S;;;1;1;JP;C1000ZAAu0441;10.30.136.221;I5623;
BAIRESTF 1 CF;08 OPERACIONES TELEGRAFICAS;C;Imp;;;I;;;JP;;10.30.136.237;I5623;hp 9050
BARADERO CDD BA;08 OPERACIONES TELEGRAFICAS;B;Serv;1;;;;;JP;I6982STM001;10.26.50.1;I6982;SIN HABILITAR X FALTA PERSONAL - 
BARADERO CDD BA;08 OPERACIONES TELEGRAFICAS;B;imp;;;I;1;1;JP;;sin habilitar;I6982;HP 426
BARRANQUERAS-CDD CHO;03 CENTRO NEA;H;Serv;S;;;1;1;JP;H3503IRLU0001;10.80.69.170;I6289;
BARRANQUERAS-CDD CHO;03 CENTRO NEA;H;Imp;;;I;;;JP;;10.80.69.171;I6289;
BELL VILLE CBA;03 CENTRO NEA;X;Serv;S;;;1;1;JP;I2105STM001;10.222.67.170;I2105;X2550ZAAW0001
BELL VILLE CBA;03 CENTRO NEA;X;Imp;;;I;;;JP;;10.222.67.171;I2105;
BELLA VISTA CTS;03 CENTRO NEA;W;Serv;S;;;1;1;JP;I2328STM001;10.210.76.170;I2328;W3432ZAAW0002
BELLA VISTA CTS;03 CENTRO NEA;W;Imp;;;I;;;JP;;10.210.76.171;I2328;
BERISSO BA;02 PBA_LA PAMPA;B;Serv;S;;;1;1;JP;I1179STM001;10.20.71.170;I1179;B1923ZAAW0001
BERISSO BA;02 PBA_LA PAMPA;B;Imp;;;I;;;JP;;10.20.71.171;I1179;
BRAGADO BA;02 PBA_LA PAMPA;B;Serv;S;;;1;1;JP;I1287STM001;10.26.5.170;I1287;B6640ZAAS0001
BRAGADO BA;02 PBA_LA PAMPA;B;Imp;;;I;;;JP; ;10.26.5.171;I1287;
CALETA OLIVIA SC;06 SUR;Z;Serv;S;;;1;1;JP;I2831STM001;10.240.71.170;I2831;Z9011ZAAW0070
CALETA OLIVIA SC;06 SUR;Z;Imp;;;I;;;JP;;10.240.71.171;I2831;
CALL CENTER GIROS CF;08 OPERACIONES TELEGRAFICAS;C;Serv;S;;;1;;JP;C1148ZABU1224;10.30.134.203;I5997;ex C1104ZABW0003 EN ED SAN JUAN
CAMPANA CDD BA;02 PBA_LA PAMPA;B;Serv;S;;;1;1;JP;I1447STM001;10.148.20.170;I1447;B2700ZAAW0015
CAMPANA CDD BA;02 PBA_LA PAMPA;B;Imp;;;I;;;JP;;10.148.20.171;I1447;
CAÑADA DE GOMEZ SF;03 CENTRO NEA;S;Serv;S;;;1;1;JP;I2889STM001;10.170.67.170;I2889;S2500ZAAW0001
CAÑADA DE GOMEZ SF;03 CENTRO NEA;S;Imp;;;I;;;JP;;10.170.67.171;I2889;
CASILDA SF;03 CENTRO NEA;S;Serv;S;;;1;1;JP;I2898STM001;10.170.68.170;I2898;S2170ZAAW0002
CASILDA SF;03 CENTRO NEA;S;Imp;;;I;;;JP;;10.170.68.171;I2898;
CATAMARCA1 C;04 CUYO NOA;K;Serv;S;;;1;1;JP;I1967STM001;10.100.66.170;I1967;K47002AHW0001
CATAMARCA1 C;04 CUYO NOA;K;Imp;;;I;;;JP;;10.100.66.173;I1967;
CD ELECTRONICAS CF;08 OPERACIONES TELEGRAFICAS;c;serv;s;;;1;;OS;B1842ZACS0161;10.1.10.53;I6991;en datacenter (SIE MINO ON LINE) (CDE y Tg ley 23789 y tcl+30)
CDD 1 LA PLATA BA;02 PBA_LA PAMPA;B;Serv;S;;;1;1;JP;I1164STM001;10.20.68.170;I1164;B1908ZAAW0001
CDD 1 LA PLATA BA;02 PBA_LA PAMPA;B;Imp;;;I;;;JP;;10.20.68.171;I1164;
CDD 10 CORDOBA CBA;03 CENTRO NEA;X;Serv;S;;;;;JP;I6199STM001;10.220.77.170;I6199;X5021JLL0001 -DE Cordoba2 PARA cdd 10 cordoba ticket ST211382
CDD 10 CORDOBA CBA;03 CENTRO NEA;X;Imp;;;I;1;1;JP;;10.220.77.171;I6199;
CDD 12 BAIRES CF;METRO_Z2;C;Serv;S;;;1;1;JP;C1118zabu0001;10.30.88.170;I1913;
CDD 12 BAIRES CF;METRO_Z2;C;Imp;;;I;;;JP;;10.30.88.172;I1913;
CDD 13 BAIRES CF;METRO_Z3;C;Serv;S;;;1;1;JP;C1194ZACu0001;10.30.89.170;I1914;
CDD 13 BAIRES CF;METRO_Z3;C;Imp;;;I;;;JP;;10.30.89.173;I1914;
CDD 16 BAIRES CF;METRO_Z2;C;Serv;S;;;1;1;JP;I1916STM001;10.30.75.170;I1916;C1416ZACW0001
CDD 16 BAIRES CF;METRO_Z2;C;Imp;;;I;;;JP;;10.30.75.172;I1916;
CDD 17 BAIRES CF;METRO_Z2;C;Serv;S;;;1;1;JP;C0017ZAAu0001;10.30.110.170;I6028;
CDD 17 BAIRES CF;METRO_Z2;C;Imp;;;I;;;JP;;10.30.110.171;I6028;
CDD 2 BAHIA BLANCA BA;#N/D;#N/D;Serv;S;;;1;1;#N/D;B8001BXOW0001;sin habilitar;I6251;sin habilitar
CDD 2 BAHIA BLANCA BA;#N/D;#N/D;Imp;;;I;;;#N/D;;10.26.26.171;I6251;sin habilitar
CDD 2 CORDOBA CBA;03 CENTRO NEA;X;Serv;S;;;1;1;JP;I2083STM001;10.220.84.170;I2083;X5022CGTW0001
CDD 2 CORDOBA CBA;03 CENTRO NEA;X;Imp;;;I;;;JP;;10.220.84.171;I2083;
CDD 2 LA PLATA BA;02 PBA_LA PAMPA;B;Serv;S;;;1;1;JP;I1165STM001;10.20.69.173;I1165;B1906ZAAW0001
CDD 2 LA PLATA BA;02 PBA_LA PAMPA;B;Imp;;;I;;;JP;;10.20.69.171;I1165;
CDD 2 MAR DEL PLATA BA;02 PBA_LA PAMPA;B;Serv;S;;;1;1;JP;I1366STM001;10.22.69.170;I1366;B7604ZABW0001
CDD 2 MAR DEL PLATA BA;02 PBA_LA PAMPA;B;Imp;;;I;;;JP;;10.22.69.171;I1366;
CDD 2 ROSARIO SF;03 CENTRO NEA;S;Serv;S;;;1;1;JP;I2863STM001;10.170.78.170;I2863;S2005ZAAW0001
CDD 2 ROSARIO SF;03 CENTRO NEA;S;Imp;;;I;;;JP;;10.170.78.171;I2863;
CDD 2 SANTA FE SF;04 ESTE;S;SERVER;S;;;1;1;JP;I6807STM001;10.171.73.170;I6807;EX I2997
CDD 2 SANTA FE SF;04 ESTE;S;imp;;;I;;1;JP;;10.171.73.174;I6807;
CDD 23 BAIRES CF;METRO_Z3;C;Serv;S;;;1;1;JP;I1922STM001;10.30.23.170;I1922;C1233ZAAu0001 reemplazado 23/12/16
CDD 23 BAIRES CF;METRO_Z3;C;Imp;;;I;;;JP;;10.30.23.172;I1922;
CDD 24 BAIRES CF;METRO_Z2;C;Serv;S;;;1;1;JP;I1923STM001;10.30.98.170;I1923;C1424CISW0001
CDD 24 BAIRES CF;METRO_Z2;C;Imp;;;I;;;JP; ;10.30.98.171;I1923;
CDD 27 BAIRES CF;METRO_Z4;C;Serv;S;;;1;1;JP;C1428ZABu0002;10.30.61.171;I6029;ex cliente cdd 28
CDD 27 BAIRES CF;METRO_Z4;C;Imp;;;I;;;JP; ;10.30.61.173;I6029;
CDD 28 BAIRES CF;METRO_Z4;C;Serv;S;;;1;1;JP;C1428ZABu0001;10.30.90.170;I1464;
CDD 28 BAIRES CF;METRO_Z4;C;Imp;;;I;;;JP; ;10.30.90.150;I1464;
CDD 3 BAHIA BLANCA BA;#N/D;#N/D;Serv;S;;;1;1;#N/D;;sin habilitar;I6253;sin habilitar
CDD 3 BAHIA BLANCA BA;#N/D;#N/D;Imp;;;I;;;#N/D;;sin habilitar;I6253;sin habilitar
CDD 3 MAR DEL PLATA BA;02 PBA_LA PAMPA;B;Serv;S;;;1;1;JP;I6091STM001;10.22.71.170;I6091;B7600ZAHW0002
CDD 3 MAR DEL PLATA BA;02 PBA_LA PAMPA;B;Imp;;;I;;;JP;;10.22.71.3;I6091;
CDD 3 ROSARIO SF;03 CENTRO NEA;S;Serv;S;;;1;1;JP;I2864STM001;10.170.79.170;I2864;S2011ZAAW0002
CDD 3 ROSARIO SF;03 CENTRO NEA;S;Imp;;;I;;;JP;;10.170.79.172;I2864;
CDD 30 BAIRES CF;METRO_Z4;C;Serv;S;;;1;1;JP;C1430ZAAu0001;10.30.105.170;I1929;
CDD 30 BAIRES CF;METRO_Z4;C;Imp;;;I;;;JP;;10.30.105.171;I1929;
CDD 33 BAIRES CF;METRO_Z1;C;Serv;S;;;1;1;JP;B1842ZACu1394;10.30.136.213;I1932;rehab
CDD 33 BAIRES CF;METRO_Z1;C;Imp;;;I;;;JP;;10.30.136.211;I1932;
CDD 34 BAIRES CF;METRO_Z1;C;Serv;S;;;2;1;JP;c1075zaaU0001;10.30.136.204;I5928;ubuntu desde 11/06/2009
CDD 34 BAIRES CF;METRO_Z1;C;Klie;;C;;;;JP;c1075zaaU0002;10.30.138.23;I5928;ubuntu desde 11/06/2009
CDD 34 BAIRES CF;METRO_Z1;C;Imp;;;I;;;JP;;10.30.138.2;I5928;
CDD 37 BAIRES CF;METRO_Z3;C;Serv;S;;;1;1;JP;I1935STM001;10.30.112.170;I1935;C1437DNHW0001
CDD 37 BAIRES CF;METRO_Z3;C;Imp;;;I;;;JP; ;10.30.85.172;I1935;
CDD 39 BAIRES CF;METRO_Z3;C;Serv;S;;;1;1;JP;I1465STM001;10.30.74.180;I1465;C1439ZABW0001
CDD 39 BAIRES CF;METRO_Z3;C;Imp;;;I;;;JP;;10.30.93.171;I1465;
CDD 4 CORDOBA CBA;03 CENTRO NEA;X;Serv;S;;;1;1;JP;I3157STM001;10.220.85.170;I3157;X5014AUEW0001
CDD 4 CORDOBA CBA;03 CENTRO NEA;X;Imp;;;I;;;JP;;10.220.85.171;I3157;
CDD 4 LA PLATA BA;02 PBA_LA PAMPA;B;Serv;S;;;1;1;JP;I5924STM001;10.20.80.170;I5924;B1900ZAAW0102 - rehab - mudanza
CDD 4 LA PLATA BA;02 PBA_LA PAMPA;B;Imp;;;I;;;JP;;10.20.80.171;I5924;
CDD 4 ROSARIO SF;03 CENTRO NEA;S;Serv;S;;;1;1;JP;I2870STM001;10.170.81.170;I2870;S2011ZAAW0004
CDD 4 ROSARIO SF;03 CENTRO NEA;S;Imp;;;I;;;JP;;10.170.81.172;I2870;
CDD 40 BAIRES CF;METRO_Z3;C;Serv;S;;;1;1;JP;C1440ZAAu0001;10.30.74.170;I1938;
CDD 40 BAIRES CF;METRO_Z3;C;Imp;;;I;;;JP;;10.30.74.172;I1938;
CDD 5 BAIRES CF;METRO_Z2;C;Serv;S;;;1;1;JP;C1405ZADu0001;10.30.92.170;I5926;
CDD 5 BAIRES CF;METRO_Z2;C;Imp;;;I;;;JP;;10.30.92.171;I5926;
CDD 5 CORDOBA CBA;03 CENTRO NEA;X;Serv;S;;;1;1;JP;I3158STM001;10.220.82.170;I3158;X5016ZAAW0001
CDD 5 CORDOBA CBA;03 CENTRO NEA;X;Imp;;;I;;;JP;;10.220.82.171;I3158;
CDD 5 LA PLATA BA;02 BUENOS AIRES;B;Serv;S;;;1;1;JP;I6257STM001;10.20.75.170;I6257;B1912zaaw0001
CDD 5 LA PLATA BA;02 BUENOS AIRES;B;Imp;;;I;;;JP;;10.20.75.171;I6257;
CDD 5 ROSARIO SF;03 CENTRO NEA;S;Serv;S;;;2;1;JP;I2871STM001;10.170.84.170;I2871;S2007ZABW0001
CDD 5 ROSARIO SF;03 CENTRO NEA;S;Imp;;;I;;;JP;;10.170.84.171;I2871;
CDD 6 BAIRES CF;METRO_Z2;C;Serv;S;;;1;1;JP;C1405ZABu0001;10.30.160.170;I1463;Mudanza a av. Nazca el 21/08/01
CDD 6 BAIRES CF;METRO_Z2;C;Imp;;;I;;;JP;;10.30.160.171;I1463;Mudanza a av. Nazca el 21/08/01
CDD 6 CORDOBA CBA;03 CENTRO NEA;X;Serv;S;;;1;1;JP;I3159STM001;10.220.67.170;I3159;X5011DBKW0001
CDD 6 CORDOBA CBA;03 CENTRO NEA;X;Imp;;;I;;;JP;;10.220.67.171;I3159;
CDD 7 BAIRES CF;METRO_Z3;C;Serv;S;;;1;1;JP;I1908STM001;10.30.99.170;I1908;C1407AUAW0001
CDD 7 BAIRES CF;METRO_Z3;C;Imp;;;I;;;JP; ;10.30.99.172;I1908;
CDD 7 CORDOBA CBA;03 CENTRO NEA;X;Serv;S;;;1;1;JP;I3160STM001;10.220.87.170;I3160;X5003DCIW0001
CDD 7 CORDOBA CBA;03 CENTRO NEA;X;Imp;;;I;;;JP;;10.220.87.171;I3160;
CDD 9 CORDOBA CBA;03 CENTRO NEA;X;Serv;S;;;1;1;JP;I3162STM001;10.220.89.170;I3162;X5022LJDW0001
CDD 9 CORDOBA CBA;03 CENTRO NEA;X;Imp;;;I;;;JP;;10.220.89.171;I3162;
CDD ALMIRANTE BROWN BA;METRO_Z8;B;Serv;S;;;1;1;JP;B1846ZAAu0001;10.245.220.170;I1124;mudanza a comercial mixta J Marmol 9-24 (com + cdd mismo sitio)
CDD ALMIRANTE BROWN BA;METRO_Z8;B;Imp;;;I;;;JP;;10.245.220.171;I1124;
CDD BERAZATEGUI BA;METRO_Z9;B;Serv;S;;;1;1;JP;B1880ZAAu0001;10.245.69.170;I1152;
CDD BERAZATEGUI BA;METRO_Z9;B;Imp;;;I;;;JP;;10.245.69.172;I1152;
CDD BERNAL BA;METRO_Z9;B;Serv;S;;;1;1;JP;B1876ZAAu0001;10.245.130.170;I5788;
CDD BERNAL BA;METRO_Z9;B;Imp;;;I;;;JP;;10.245.130.171;I5788;
CDD CAÑUELAS BA;02 PBA_LA PAMPA;B;Serv;S;;;1;1;JP;B1814ZABU0001;10.26.18.170;I6372;
CDD CAÑUELAS BA;02 PBA_LA PAMPA;B;Imp;;;I;;;JP;;10.26.18.20;I6372;
CDD CASTELAR BA;17 METRO NOROESTE;B;Serv;1;;;1;;jp;I7079STM001;10.245.119.170;i7079;mixta (cdd + comercial) Castelar 09-24
CDD CASTELAR BA;17 METRO NOROESTE;B;Imp;;;1;;1;jp;;10.245.119.171;I7079;
CDD CATAMARCA C;04 CUYO NOA;K;Serv;S;;;1;1;JP;I5860STM001;10.100.66.172;I5860;K4700ZAHW0003
CDD CATAMARCA C;04 CUYO NOA;K;klie;;C;;1;1;JP;I5860STM002;10.100.66.30;I5860;devuelven I1967 Cat 1 Cdesde ctt mza se renombra cliente Cdd Cat a I1967stm001
CDD CATAMARCA C;04 CUYO NOA;K;Imp;;;I;;;JP;;10.100.66.174;I5860;
CDD CLAYPOLE BA;METRO_Z8;B;Serv;S;;;1;1;JP;I1130STM001;10.245.94.170;I1130;B1849DQOW0001
CDD CLAYPOLE BA;METRO_Z8;B;Imp;;;I;;;JP; ;10.245.94.171;I1130;
CDD DON TORCUATO BA;METRO_Z5;B;Serv;S;;;1;1;JP;I1007STM001;10.245.123.170;I1007;rehabilitandose ticket 39519 -B1611CLPW0001
CDD DON TORCUATO BA;METRO_Z5;B;Imp;;;I;;;JP;;10.245.123.171;I1007;
CDD GREGORIO DE LAFERRERE BA;METRO_Z7;B;Serv;S;;;1;1;JP;B1757CLCu0002;10.245.199.170;I1084;cambio de nombre equipo 1-07-2003 (antes 0001)
CDD GREGORIO DE LAFERRERE BA;METRO_Z7;B;Imp;;;I;;;JP; ;10.245.199.171;I1084;
CDD HURLINGHAM BA;METRO_Z6;B;Serv;S;;;1;1;JP;I1057STM001;10.245.135.170;I1057;B1686FDCW0001
CDD HURLINGHAM BA;METRO_Z6;B;Imp;;;I;;;JP; ;10.245.135.171;I1057;
CDD ITUZAINGO BA;METRO_Z6;B;Serv;S;;;1;1;JP;B1714ZAAw0001;10.245.111.170;I1066;
CDD ITUZAINGO BA;METRO_Z6;B;Imp;;;I;;;JP;;10.245.111.171;I1066;
CDD LA RIOJA LR;04 CUYO NOA;F;Serv;S;;;1;1;JP;I5868STM001;10.60.66.170;I5868;F5300ZAEW0003
CDD LA RIOJA LR;04 CUYO NOA;F;Imp;;;I;;;JP;;10.60.66.174;I5868;
CDD LANUS BA;METRO_Z9;B;Serv;S;;;1;1;JP;B1824ZAAu0001;10.245.114.170;I1107;
CDD LANUS BA;METRO_Z9;B;Imp;;;I;;;JP;;10.245.114.172;I1107;
CDD LOMAS DE ZAMORA BA;METRO_Z8;B;Serv;S;;;1;1;JP;B1832ZAAu0001;10.245.182.170;I1116;
CDD LOMAS DE ZAMORA BA;METRO_Z8;B;Imp;;;I;;;JP;;10.245.182.171;I1116;
CDD MASCHWITZ BA;02 PBA_LA PAMPA;B;Serv;S;;;1;1;JP;B1623ANQU0001;10.26.30.170;I6298;
CDD MASCHWITZ BA;02 PBA_LA PAMPA;B;Imp;;;I;;;JP; ;10.26.30.171;I6298;
CDD MERLO BA;METRO_Z7;B;Serv;S;;;1;1;JP;B1772ERSw0001;10.245.75.170;I1070;
CDD MERLO BA;METRO_Z7;B;Imp;;;I;;;JP; ;10.245.75.172;I1070;
CDD MORENO BA;METRO_Z6;B;Serv;S;;;1;1;JP;B1744ZAAU0001;10.245.78.170;I1076;
CDD MORENO BA;METRO_Z6;B;Imp;;;I;;;JP;;10.245.78.171;I1076;
CDD MORON BA;METRO_Z7;B;Serv;S;;;1;1;JP;B1708ZAAU0001;10.247.79.170;I1456;mudanza a suc comercial Moron mixta(Com + cdd)
CDD MORON BA;METRO_Z7;B;Imp;;;I;;;JP;;10.247.79.171;I1456;
CDD QUILMES BA;METRO_Z9;B;Serv;S;;;1;1;JP;B1878ZAAW0001;10.246.146.170;I1148;
CDD QUILMES BA;METRO_Z9;B;Imp;;;I;;;JP;;10.246.146.171;I1148;
CDD QUILMES OESTE BA;METRO_Z9;B;Serv;S;;;1;1;JP;I6405stm001;10-.20.77.170;I6405;Funciona en comercial Quilmes Centro para entregar tg x ventanilla mediantePCE
CDD RAMOS MEJIA BA;METRO_Z7;B;Serv;S;;;1;1;JP;I1064STM001;10.245.65.170;I1064;10.245.65.170
CDD RAMOS MEJIA BA;METRO_Z7;B;Imp;;;I;;;JP;;10.245.65.172;I1064;
CDD RIVADAVIA MZA;05 OESTE;M;Serv;S;;;1;1;JP;I6254STM001;10.120.79.170;I6254;M5577ZAAW0001
CDD RIVADAVIA MZA;05 OESTE;M;Imp;;;I;;;JP;;10.120.79.171;I6254;
CDD SAN FERNANDO BA;METRO_Z5;B;Serv;S;;;1;1;JP;B1646ZAAu0001;10.245.137.170;I1032;
CDD SAN FERNANDO BA;METRO_Z5;B;Imp;;;I;;;JP; ;10.245.137.172;I1032;
CDD SAN JUAN SJ;04 CUYO NOA;J;Serv;S;;;1;1;JP;I5637STM001;10.90.66.173;I5637;J5402ZABW0004
CDD SAN JUAN SJ;04 CUYO NOA;J;Imp;;;I;;;JP;;10.90.66.174;I5637;
CDD SAN JUSTO BA;METRO_Z7;B;Serv;S;;;1;1;JP;B1754ZABu0001;10.245.93.170;I1081;
CDD SAN JUSTO BA;METRO_Z7;B;Imp;;;I;;;JP;;10.147.66.171;I1081;
CDD SAN LUIS SL;04 CUYO NOA;D;Serv;S;;;1;1;JP;I5664STM001;10.40.66.171;I5664;D5702ZACW0002
CDD SAN LUIS SL;04 CUYO NOA;D;Imp;;;I;;;JP;;10.40.66.173;I5664;
CDD SAN MIGUEL DE TUCUMAN T;04 CUYO NOA;T;Serv/klie9803;S;;;1;1;JP;I5712STM001;10.180.66.128;I5712;T4000ZAAW0067
CDD SAN MIGUEL DE TUCUMAN T;04 CUYO NOA;T;klie;;c;;1;;JP;I5712STM002;10.180.66.87;I5712;
CDD SAN MIGUEL DE TUCUMAN T;04 CUYO NOA;T;klie;;c;;1;;JP;I5712STM003;10.180.66.140;I5712;
CDD SAN MIGUEL DE TUCUMAN T;04 CUYO NOA;T;klie;;c;;1;;JP;I5712STM0004;10.180.66.172;I5712;EX SAN JOSE DE GUAYMALLEN 
CDD SAN MIGUEL DE TUCUMAN T;04 CUYO NOA;T;Imp;;;I;;;JP;;10.180.66.16;I5712;
CDD SAN VICENTE BA;02 PBA_LA PAMPA;B;Serv;S;;;1;1;JP;I5936STM001;10.149.25.170;I5936;C1865ZABW0001
CDD SAN VICENTE BA;02 PBA_LA PAMPA;B;Imp;;;I;;;JP;;10.149.25.171;I5936;
CDD SANTA FE SF;03 CENTRO NEA;S;Serv;S;;;1;1;JP;I5135STM001;10.171.66.174;I5135;S3000ZAGW0005
CDD SANTA FE SF;03 CENTRO NEA;S;Imp;;;I;;;JP;;10.171.66.175;I5135;
CDD TAPIALES BA;METRO_Z7;B;Serv;S;;;1;1;JP;B1770ANFu0001;10.246.138.170;I1090;MUDANZA DE CDD AL STIO CLOG MERCADO CENTRAL
CDD TAPIALES BA;METRO_Z7;B;Imp;;;I;;;JP; ;10.246.138.171;I1090;10.245.98.171 IP ANTERIOR
CDD TEMPERLEY BA;METRO_Z8;B;Serv;S;;;1;1;JP;B1834ZAAu0001;10.246.77.170;I1118;Se cambio IP el 16/10/01
CDD TEMPERLEY BA;METRO_Z8;B;Imp;;;I;;;JP;;10.246.77.171;I1118;
CDD VICENTE LOPEZ BA;METRO_Z4;B;Serv;S;;;1;1;JP;B1636ZAAW0001;10.246.130.170;I1024;
CDD VICENTE LOPEZ BA;METRO_Z4;B;Imp;;;I;;;JP;;10.246.130.170;I1024;
CDD VILLA BALLESTER BA;METRO_Z6;B;Serv;S;;;1;1;JP;I6225STM001;10.245.108.170;I6225;B1653ASOW0001
CDD VILLA BALLESTER BA;METRO_Z6;B;Imp;;;I;;;JP;;;I6225;
CENTENARIO N;06 SUR;Q;Serv;S;;;1;1;JP;I2660STM001;10.150.69.170;I2660;Q8309ZAAW0070
CENTENARIO N;06 SUR;Q;Imp;;;I;;;JP;;10.150.69.171;I2660;
CERES SF;03 CENTRO NEA;S;Serv;S;;;1;1;JP;I2934STM001;10.171.72.170;I2934;S2340ZAAW0002
CERES SF;03 CENTRO NEA;S;Imp;;;I;;;JP;;10.171.72.171;I2934;
CHACABUCO BA;02 PBA_LA PAMPA;B;Serv;S;;;1;1;JP;I1302STM001;10.26.47.170;I1302;B6740ZAAW0001
CHACABUCO BA;02 PBA_LA PAMPA;B;Imp;;;I;;;JP;;10.26.47.171;I1302;
CHAJARI ER;03 CENTRO NEA;E;Serv;S;;;1;1;JP;I2376STM001;10.50.80.170;I2376;E3228ZAAW0001
CHAJARI ER;03 CENTRO NEA;E;Imp;;;I;;;JP;;10.50.80.171;I2376;
CHAMICAL LR;04 CUYO NOA;F;Serv;S;;;1;1;#N/D;I2533STM001;10.60.68.170;I2533;F5380ZAAW0001
CHAMICAL LR;04 CUYO NOA;F;Imp;;;I;;;#N/D;;10.60.68.171;I2533;baja terminal al ctt MENDOZA por falta personal
CHASCOMUS BA;02 PBA_LA PAMPA;B;Serv;S;;;1;1;JP;I1325STM001;10.26.14.170;I1325;B7130ZAAW0001
CHASCOMUS BA;02 PBA_LA PAMPA;B;Imp;;;I;;;JP;;10.26.14.171;I1325;
CHILECITO LR;04 CUYO NOA;F;Serv;S;;;1;1;JP;F5360ZAAu0001;10.60.67.170;I2527;
CHILECITO LR;04 CUYO NOA;F;Imp;;;I;;;JP;;10.60.67.171;I2527;
CHIVILCOY BA;02 PBA_LA PAMPA;B;Serv;S;;;1;1;JP;I1282STM001;10.26.24.170;I1282;B6620ZAAS0001 hasta 23/12/2008 ip=10.149.23.170
CHIVILCOY BA;02 PBA_LA PAMPA;B;Imp;;;I;;;JP; ;10.26.24.171;I1282;
CHOELE CHOEL RN;06 SUR;R;Serv;S;;;1;1;JP;I2696STM001;10.160.72.170;I2696;R8360ZAAW0070
CHOELE CHOEL RN;06 SUR;R;Imp;;;I;;;JP;;10.160.72.171;I2696;
CINCO SALTOS RN;06 SUR;R;Serv;S;;;1;1;JP;I2690STM001;10.150.68.170;I2690;R8303ZAAW0070
CINCO SALTOS RN;06 SUR;R;Imp;;;I;;;JP;;10.150.68.171;I2690;
CIPOLLETTI RN;06 SUR;R;Serv;S;;;1;1;JP;I2692STM001;10.160.70.170;I2692;R8324ZAAW0070
CIPOLLETTI RN;06 SUR;R;Imp;;;I;;;JP;;10.160.70.171;I2692;
CIUDADDELLIBERTADORGRALSANMARTIN BA;METRO_Z6;B;Serv;S;;;1;1;JP;B1650ZABu0001;10.245.80.170;I1034;CDD SAN NMARTIN BA
CIUDADDELLIBERTADORGRALSANMARTIN BA;METRO_Z6;B;Imp;;;I;;;JP;;10.245.80.173;I1034;
CLORINDA F;03 CENTRO NEA;P;Serv;S;;;1;1;JP;I2432STM001;10.140.67.170;I2432;P3610ZAAW0002
CLORINDA F;03 CENTRO NEA;P;Imp;;;I;;;JP;;10.140.67.171;I2432;
COMANDANTE LUIS PIEDRA BUENA SC;06 SUR;Z;Serv;S;;;1;1;JP;I2839STM001;10.240.73.170;I2839;Z9303ZAAW0070
COMANDANTE LUIS PIEDRA BUENA SC;06 SUR;Z;Imp;;;I;;;JP;;10.240.73.171;I2839;
COMODORO RIVADAVIA CHT;06 SUR;U;Serv;S;;;1;1;JP;I2031STM001;10.190.66.170;I2031;U9000ZACW0070
COMODORO RIVADAVIA CHT;06 SUR;U;Imp;;;I;;;JP;;10.190.66.173;I2031;
COMODORO RIVADAVIA CTT CHT;06 SUR;U;Serv;S;;;2;;JP;I6090STM001;10.190.66.171;I6090;U9000ZACW0071
COMODORO RIVADAVIA CTT CHT;06 SUR;U;Klie;;C;;;;JP;I6090STM002;10.190.66.172;I6090;U9000ZACW0072
COMODORO RIVADAVIA CTT CHT;06 SUR;U;Imp;;;I;;;JP;;10.190.66.174;I2031;
CONCEPCION DEL URUGUAY ER;03 CENTRO NEA;E;Serv;S;;;1;1;JP;I2381STM001;10.55.66.170;I2381;E3260ZAAW0001
CONCEPCION DEL URUGUAY ER;03 CENTRO NEA;E;Imp;;;I;;;JP;;10.55.66.171;I2381;
CONCEPCION T;04 CUYO NOA;T;Serv;S;;;1;1;JP;I3130STM001;10.180.68.170;I3130;T4146ZAAW0001
CONCEPCION T;04 CUYO NOA;T;Imp;;;I;;;JP; ;10.180.68.171;I3130;
CONCORDIA ER;03 CENTRO NEA;E;Serv;S;;;1;1;JP;I2365STM001;10.52.66.170;I2365;E3200ZAAW0003
CONCORDIA ER;03 CENTRO NEA;E;Imp;;;I;;;JP;;10.52.66.172;I2365;
CORDOBA CBA;03 CENTRO NEA;X;Serv;S;;;2;1;JP;I2070STM001;10.220.66.170;I2070;CDD CBA MAIL HUB01CBA
CORDOBA CBA;03 CENTRO NEA;X;Klie;;C;;;;JP;X5000ZANu0003;10.220.66.172;I2070;CDD CBA MAIL HUB01CBA
CORDOBA CBA;03 CENTRO NEA;X;Imp;;;I;;;JP;;10.220.64.140;I2070;HP426
CORDOBA1 CBA;03 CENTRO NEA;X;Serv;S;;;5;1;JP;X5000ZANu0005;10.220.66.174;I3890;CTTCBA
CORDOBA1 CBA;03 CENTRO NEA;X;Klie;;C;;;;JP;X5000ZANu0002;10.220.66.171;I3890;CTTCBA
CORDOBA1 CBA;03 CENTRO NEA;X;Klie;;C;;;;JP;X5000ZANu0004;10.220.66.173;I3890;CTTCBA
CORDOBA1 CBA;03 CENTRO NEA;X;Klie;;C;;;;JP;X5000ZANu0007;10.220.66.176;I3890;CTTCBA
CORDOBA1 CBA;03 CENTRO NEA;X;Klie;;C;;;;JP;X5000ZANu0008;10.220.66.177;I3890;CTTCBA
CORDOBA1 CBA;03 CENTRO NEA;X;Imp;;;I;;;JP;;10.220.66.179;I3890;CTTCBA
CORDOBA2 CBA;03 CENTRO NEA;X;Serv;S;;;5;;JP;X5000ZAAu0201;10.220.66.160;I6009;CTTCBA
CORDOBA2 CBA;03 CENTRO NEA;X;Klie;;C;;;;JP;X5000ZAAu0202;10.220.66.161;I6009;CTTCBA
CORDOBA2 CBA;03 CENTRO NEA;X;Klie;;C;;;;JP;X5000ZAAu0203;10.220.66.162;I6009;CTTCBA
CORDOBA2 CBA;03 CENTRO NEA;X;Klie;;C;;;;JP;X5000ZAAu0205;10.220.66.18;I6009;CTTCBA
CORDOBA2 CBA;03 CENTRO NEA;X;Klie;;C;;;;JP;X5000ZANu0006;10.220.66.175;I6009;CTTCBA
CORRIENTES CTS;03 CENTRO NEA;W;Serv;S;;;1;1;JP;I2313STM001;10.210.66.170;I2313;W3400ZAAW0036 CDD CTES
CORRIENTES CTS;03 CENTRO NEA;W;Imp;;;I;;;JP;;10.210.66.175;I2313; 
COSQUIN CBA;03 CENTRO NEA;X;Serv;S;;;1;1;JP;I2149STM001;10.220.73.170;I2149;X5166ZAAW0001
COSQUIN CBA;03 CENTRO NEA;X;Imp;;;I;;;JP;;10.220.73.171;I2149;
CRUZ DEL EJE CBA;03 CENTRO NEA;X;Serv;S;;;1;1;JP;I2178STM001;10.220.91.170;I2178;X5280ZAAW0001
CRUZ DEL EJE CBA;03 CENTRO NEA;X;Imp;;;I;;;JP;;10.220.91.171;I2178;
CTT BAIRES SUPERVISION CF;08 OPERACIONES TELEGRAFICAS;C;Serv;S;;;1;1;JP;C1000ZAAu0515;10.30.136.6;I6271;CTT BAIRES EN SITIO SALA TRANSM MAIL: TRANSMISION CENTRAL DE TELEGRAMAS
CTT BAIRES SUPERVISION CF;08 OPERACIONES TELEGRAFICAS;C;Imp;;;I;;;JP;;10.30.136.202;I6271;HP 9050
CTT BAIRES A CF;8 OPERACIONES TELEGRAFICAS;;SERV;S;;;;;OS;B1842ZACS0173;10.1.122.24;I9801;en data center
CTT INTERIOR A CF;8 OPERACIONES TELEGRAFICAS;;SERV;S;;;;;OS;B1842ZACS0179;10.1..12.136;I9803;en data center
CTT CORRIENTES CTS;03 CENTRO NEA;W;Serv;S;;;4;1;JP;I6275STM001;10.210.66.171;I6275;W3400ZAAW0037
CTT CORRIENTES CTS;03 CENTRO NEA;W;Klie;;C;;;;JP;I6275STM003;10.210.66.172;I6275;W3400ZAAW0038
CTT CORRIENTES CTS;03 CENTRO NEA;W;Klie;;C;;;;JP;I6275STM002;10.210.66.173;I6275;W3400ZAAW0039
CTT CORRIENTES CTS;03 CENTRO NEA;W;Klie;;C;;;;JP;I6275STM004;10.210.66.15;I6275;st295315 - W3400ZAAW0056
CTT CORRIENTES CTS;03 CENTRO NEA;W;Imp;;;I;;;JP;;10.210.66.174;I6275; 
CTT MENDOZA MZA;04 CUYO NOA;M;Serv;S;;;6;1;JP;M5500ZALu0005;10.120.66.175;I6359;Baja x traslado a Salta
CTT MENDOZA MZA;05 OESTE;M;Klie;;c;;;;JP;M5500ZALU0002;10.120.66.171;I6359;
CTT MENDOZA MZA;05 OESTE;M;Klie;;c;;;;JP;M5500ZALU0003;10.120.66.172;I6359;baja x traslado terminal renombrada a I3070 SDE
CTT MENDOZA MZA;04 CUYO NOA;M;Klie;;C;;;;JP;M5500ZALu0004;10.120.66.174;I6359;
CTT MENDOZA MZA;04 CUYO NOA;M;Klie;;C;;;;JP;M5500ZALu0006;10.120.66.176;I6359;
CTT MENDOZA MZA;04 CUYO NOA;M;Klie;;C;;;;JP;M5500ZALu0007;10.120.66.177;I6359;baja x traslado terminal renombrada a I5860 CDD Catamarca
CTT MENDOZA MZA;04 CUYO NOA;M;Imp;;;I;;;JP;;10.120.66.178;I6359;
CTT SAN MIGUEL DE TUCUMAN T;04 CUYO NOA;T;Serv;S;;;;1;JP;i5711STM0001;10.180.66.170;I5711;
CTT SAN MIGUEL DE TUCUMAN T;04 CUYO NOA;T;Klie;;C;;;;JP;I5711stm0002;10.180.66.171;I5711;
CTT SAN MIGUEL DE TUCUMAN T;04 CUYO NOA;T;Klie;;;;;;JP;i5711STM0003;10.180.66.87;i5711;
CTT SAN MIGUEL DE TUCUMAN T;04 CUYO NOA;T;Klie;;;;;;JP;i5711STM0004;10.180.66.140;i5711;4
CTT SAN MIGUEL DE TUCUMAN T;04 CUYO NOA;T;Klie;;;;;;JP;i5711STM0005;10.180.66.172;i5711;
CTT SAN MIGUEL DE TUCUMAN T;04 CUYO NOA;T;Imp;;;I;;;JP;;10.180.66.15;I5711;
CDD 3 SANTA FE;03 CENTRO NEA;S;Serv;s;;;;;0;I2997STM001;10.171.67.170;I2997;
CDD 3 SANTA FE;03 CENTRO NEA;S;IMP;;;1;;;;;10.171.67.171;I2997;ex cdd 8 santa fe
CTT SANTA FE SF;03 CENTRO NEA;S;Serv;S;;;5;1;JP;I2988STM001;10.171.66.170;I2988;S3000ZAGW0001
CTT SANTA FE SF;03 CENTRO NEA;S;Klie;;C;;;;JP;I2988STM002;10.171.66.171;I2988;S3000ZAGW0002
CTT SANTA FE SF;03 CENTRO NEA;S;Klie;;C;;;;JP;I2988STM003;10.171.66.172;I2988;S3000ZAGW0003
CTT SANTA FE SF;03 CENTRO NEA;S;Klie;;C;;;;JP;I2988STM004;10.171.66.173;I2988;S3000ZAGW0004
CTT SANTA FE SF;03 CENTRO NEA;S;Klie;;C;;;;JP;I2988STM005;10.171.66.181;I2988;ex cdd 8 santa fe
CTT SANTA FE SF;03 CENTRO NEA;S;Imp;;;I;;;JP;;10.171.66.176;I2988;
CURUZU CUATIA CTS;03 CENTRO NEA;W;Serv;S;;;1;1;JP;W3460ZAAU0002;10.210.68.170;I2334; 
CURUZU CUATIA CTS;03 CENTRO NEA;W;Imp;;;I;;;JP;;10.210.68.171;I2334; 
CUTRAL CO N;06 SUR;Q;Serv;S;;;1;1;JP;I2664STM001;10.150.72.171;I2664;Q8322ZAAW0070
CUTRAL CO N;06 SUR;Q;Imp;;;I;;;JP;;10.150.72.172;I2664;
DOLORES BA;02 PBA_LA PAMPA;B;Serv;S;;;1;1;JP;I1309STM001;10.26.53.170;I1309;B7100ZAAW0001
DOLORES BA;02 PBA_LA PAMPA;B;Imp;;;I;;;JP;;10.26.53.171;I1309;
EL BOLSON  RN;06 SUR;R;Serv;S;;;1;1;JP;I2707STM001;10.160.69.170;I2707;R8430ZAAW0070
EL BOLSON  RN;06 SUR;R;Imp;;;I;;;JP;;10.160.69.171;I2707;
EL CALAFATE SC;06 SUR;Z;Serv;S;;;1;1;JP;I2853STM001;10.240.70.170;I2853;Z9405ZAAW0070
EL CALAFATE SC;06 SUR;Z;Imp;;;I;;;JP; ;10.240.70.171;I2853;
EL PALOMAR BA;METRO_z6;B;Serv;S;;;1;1;JP;B1685GTBu0001;10.245.97.170;I1056;
EL PALOMAR BA;METRO_z6;B;Imp;;;I;;;JP; ;10.245.97.171;I1056;
ELDORADO MS;03 CENTRO NEA;N;Serv;S;;;1;1;JP;I2648STM001;10.130.75.170;I2648;N3380ZAAW0002
ELDORADO MS;03 CENTRO NEA;N;Imp;;;I;;;JP;;10.130.75.25;I2648;
ENSENADA BA;02 PBA_LA PAMPA;B;Serv;S;;;1;1;JP;I1180STM001;10.20.72.170;I1180;B1925ZAAW0001
ENSENADA BA;02 PBA_LA PAMPA;B;Imp;;;I;;;JP;;10.20.72.171;I1180;
ESCOBAR BA;02 PBA_LA PAMPA;B;Serv;S;;;1;1;JP;I1017STM001;10.26.58.170;I1017;B1625ZAAW0001
ESCOBAR BA;02 PBA_LA PAMPA;B;Imp;;;I;;;JP;;10.26.58.171;I1017;
ESPERANZA SF;03 CENTRO NEA;S;Serv;S;;;1;1;JP;I3032STM001;10.171.70.170;I3032;S3080ZAAW0001
ESPERANZA SF;03 CENTRO NEA;S;Imp;;;I;;;JP;;10.171.70.171;I3032;
ESQUEL CHT;06 SUR;U;Serv;S;;;1;1;JP;I2052STM001;10.190.69.170;I2052;U9200ZABW0070
ESQUEL CHT;06 SUR;U;Imp;;;I;;;JP;;10.190.69.171;I2052;
EZEIZA BA;METRO_Z8;B;Serv;S;;;1;1;JP;B1804ZABU0001;10.245.105.170;I1100;
EZEIZA BA;METRO_Z8;B;Imp;;;I;;;JP;;10.245.105.171;I1100;
FIRMAT SF;03 CENTRO NEA;S;Serv;S;;;1;1;JP;I2942STM001;10.170.73.170;I2972;S2630ZAAW0001
FIRMAT SF;03 CENTRO NEA;S;Imp;;;I;;;JP;;10.170.73.171;I2972;
FLORENCIO VARELA BA;METRO_Z9;B;Serv;S;;;1;1;JP;B1888EPDu0001;10.245.116.170;I1155;
FLORENCIO VARELA BA;METRO_Z9;B;Imp;;;I;;;JP; ;10.245.116.171;I1155;
FORMOSA F;03 CENTRO NEA;P;Serv;S;;;2;1;JP;I2425STM001;10.140.66.170;I2425;P3600ZAAW0007
FORMOSA F;03 CENTRO NEA;P;Klie;;C;;;;JP;I2425STM002;10.140.66.171;I2425;P3600ZAAW0008
FORMOSA F;03 CENTRO NEA;P;Imp;;;I;;;JP;;10.140.66.172;I2425; 
GALVEZ SF;03 CENTRO NEA;S;Serv;S;;;1;1;JP;I2919STM001;10.171.74.170;I2919;S2252ZAAW0001
GALVEZ SF;03 CENTRO NEA;S;Imp;;;I;;;JP;;10.171.74.171;I2919;
GENERAL ALVEAR MZA;04 CUYO NOA;M;Serv;S;;;1;1;JP;I2581STM001;10.120.76.170;I2581;M5620ZAAW0001 - 21/abr/06 cambio de ip
GENERAL ALVEAR MZA;04 CUYO NOA;M;Imp;;;I;;;JP;;10.120.76.171;I2581;
GENERAL GUEMES S;04 CUYO NOA;A;Serv;S;;;1;1;JP;A4430ZAAu0001;10.10.70.170;I2739;
GENERAL GUEMES S;04 CUYO NOA;A;Imp;;;I;;;JP; ;10.10.70.171;I2739;
GENERAL PACHECO BA;METRO_Z5;B;Serv;S;;;1;1;JP;B1617FRPu0001;10.245.96.170;I1012;
GENERAL PACHECO BA;METRO_Z5;B;Imp;;;I;;;JP; ;10.245.96.171;I1012;
GENERAL PICO LP;02 PBA_LA PAMPA;L;Serv;S;;;1;1;JP;I2501STM001;10.110.67.170;I2501;L6360ZAAW0001
GENERAL PICO LP;02 PBA_LA PAMPA;L;Imp;;;I;;;JP;;10.110.67.171;I2501;
GENERAL ROCA RN;06 SUR;R;Serv;S;;;1;1;JP;I2694STM001;10.160.74.170;I2694;R8332ZAAW0070
GENERAL ROCA RN;06 SUR;R;Imp;;;I;;;JP;;10.160.74.171;I2694;
GENERAL RODRIGUEZ BA;02 PBA_LA PAMPA;B;Serv;S;;;1;1;JP;I1079STM001;10.26.59.170;I1079;B1748ZAAS0001
GENERAL RODRIGUEZ BA;02 PBA_LA PAMPA;B;Imp;;;I;;;JP; ;10.26.59.171;I1079;
GENERAL SAN MARTIN MZA;04 CUYO NOA;M;Serv;S;;;1;1;JP;I2561STM001;10.120.68.173;I2561;M5570ZAAW0001
GENERAL SAN MARTIN MZA;04 CUYO NOA;M;Imp;;;I;;;JP;;10.120.68.171;I2561;
GENERAL VILLEGAS BA;02 PBA_LA PAMPA;B;Serv;S;;;1;1;JP;I1237STM001;10.26.23.170;I1237;B6230ZAAW0001 cambio IP 10.149.1.170 26-abr-2006
GENERAL VILLEGAS BA;02 PBA_LA PAMPA;B;Imp;;;I;;;JP;;10.26.23.171;I1237; 
GODOY CRUZ MZA;04 CUYO NOA;M;Serv;S;;;1;1;JP;M5501ZAAu0001;10.120.67.170;I2582;
GODOY CRUZ MZA;04 CUYO NOA;M;Imp;;;I;;;JP;;10.120.67.171;I2582;
GONZALEZ CATAN BA;METRO_Z7;B;Serv;S;;;1;1;JP;B1759AMLu0001;10.245.200.170;I1085;cambio IP 17-02-06 antes 10.149.31.170
GONZALEZ CATAN BA;METRO_Z7;B;Imp;;;I;;;JP; ;10.245.200.150;I1085;
GOYA CTS;03 CENTRO NEA;W;Serv;S;;;1;1;JP;I2332STM001;10.210.67.170;I2332;W3450ZAAW0001
GOYA CTS;03 CENTRO NEA;W;Imp;;;I;;;JP;;10.210.67.171;I2332;
GRANADERO BAIGORRIA SF;03 CENTRO NEA;S;Serv;S;;;1;1;JP;I2895STM001;10.170.70.170;I2895;S2152ZAAW0001
GRANADERO BAIGORRIA SF;03 CENTRO NEA;S;Imp;;;I;;;JP;;10.170.70.171;I2895;
GUALEGUAY ER;03 CENTRO NEA;E;Serv;S;;;1;1;JP;I2350STM001;10.50.82.170;I2350;E2840ZAAW0001
GUALEGUAY ER;03 CENTRO NEA;E;Imp;;;I;;;JP;;10.50.82.171;I2350;
GUALEGUAYCHU ER;03 CENTRO NEA;E;Serv;S;;;1;1;JP;I2349STM001;10.50.79.170;I2349;E2820ZAAW0001
GUALEGUAYCHU ER;03 CENTRO NEA;E;Imp;;;I;;;JP;;10.50.79.171;I2349;
IGUAZU MS;03 CENTRO NEA;N;Serv;S;;;1;1;JP;I2635STM001;10.130.74.170;I2635;N3378ZAAW0002
IGUAZU MS;03 CENTRO NEA;N;Imp;;;I;;;JP;;10.130.74.171;I2635;
INGENIERO WHITE BA;02 PBA_LA PAMPA;B;Serv;S;;;1;1;JP;I1391STM001;10.26.67.170;I1391;B8103ZAAS0001
INGENIERO WHITE BA;02 PBA_LA PAMPA;B;Imp;;;I;;;JP; ;10.26.67.171;I1391;
ITIM CF;08 OPERACIONES TELEGRAFICAS;C;Serv;S;;;1;1;JP;C1000ZAAU0396;10.30.136.226;I1484;Recibe los AE y AE de grandes clientes de SIT Y SIE en sitio ed av San Juan
ITIM CF;08 OPERACIONES TELEGRAFICAS;;Klie;;C;;1;;JP;I1484STM002;10.30.136.243;I1484;
ITIM CF;08 OPERACIONES TELEGRAFICAS;;Klie;;C;;1;;JP;ttcab09p;10.30.136.54;I1484;Terminal en jefaatura Control de gestión (Diego Natale) ed S Juan
ITIM CF;08 OPERACIONES TELEGRAFICAS;C;Imp;;;I;;;JP;;10.30.136.209;I1484;TOSHIBA
JACHAL SJ;04 CUYO NOA;J;Serv;S;;;1;1;JP;I2790STM001;10.90.68.170;I2790;J5460ZAAW0001
JACHAL SJ;04 CUYO NOA;J;Imp;;;I;;;JP;;10.90.68.171;I2790;
JARDIN AMERICA MS;03 CENTRO NEA;N;Serv;S;;;1;1;JP;I2622STM001;10.130.70.170;I2622;N3328ZAAW0002
JARDIN AMERICA MS;03 CENTRO NEA;N;Imp;;;I;;;JP;;10.130.70.171;I2622;
JESUS MARIA CBA;03 CENTRO NEA;X;Serv;S;;;1;1;JP;I2170stm001;10.220.68.170;I2170;X5220ZAAW0001
JESUS MARIA CBA;03 CENTRO NEA;X;Imp;;;I;;;JP;;10.220.68.171;I2170;
JOSE C PAZ BA;METRO_Z5;B;Serv;S;;;1;1;JP;B1665GSEu0001;10.245.168.170;I1045;
JOSE C PAZ BA;METRO_Z5;B;Imp;;;I;;;JP; ;10.245.168.171;I1045;
JUNIN BA;02 PBA_LA PAMPA;B;Serv;S;;;1;1;JP;I1217STM001;10.26.8.170;I1217;B6000ZAAW0001
JUNIN BA;02 PBA_LA PAMPA;B;Imp;;;I;;;JP;;10.26.8.171;I1217;
LA BANDA SE;05 OESTE;G;Serv;S;;;1;1;JP;I3080STM001;10.70.67.170;I3080;G4300ZAAW0001
LA BANDA SE;05 OESTE;G;Imp;;;I;;;JP; ;10.70.67.180;I3080;
LA FALDA CBA;03 CENTRO NEA;X;Serv;S;;;1;1;JP;I2151STM001;10.220.69.170;I2151;X5172ZAAW0001
LA FALDA CBA;03 CENTRO NEA;X;Imp;;;I;;;JP;;10.220.69.171;I2151;
LA PAZ ER;03 CENTRO NEA;E;Serv;S;;;1;1;JP;I2364STM001;10.50.67.170;I2364;E3190ZAAW0001
LA PAZ ER;03 CENTRO NEA;E;Imp;;;I;;;JP;;10.50.67.171;I2364;
LA PLATA BA;02 PBA_LA PAMPA;B;Serv;S;;;3;1;JP;B1902ZAAu0009;10.20.66.172;I1161;en edificio cabecera la PLATA mail CDD 03 La Plata
LA PLATA BA;02 PBA_LA PAMPA;B;Klie;;C;;;;JP;I1161STM002;10.20.66.232;I1161;en edificio cabecera la PLATA mail CDD 03 La Plata
LA PLATA BA;02 PBA_LA PAMPA;B;Klie;;C;;;;JP;I1161STM003;10.20.66.233;I1161;en edificio cabecera la PLATA mail CDD 03 La Plata
LA PLATA BA;02 PBA_LA PAMPA;B;Imp;;;I;;;JP;;10.20.66.177;I1161;
LA PLATA TELECOMUNICACIONES BA;02 PBA_LA PAMPA;B;Serv;S;;;3;1;JP;B1902ZAAu0007;10.20.66.170;I1163;en ed Cabecera a/c tecnológico local
LA PLATA TELECOMUNICACIONES BA;02 PBA_LA PAMPA;B;Klie;;C;;;;JP;I1163STM002;10.20.66.173;I1163;ex I1163 pasaron algunas a CDD zona LPG x tx a I9803 Ctt interior (ver) 
LA PLATA TELECOMUNICACIONES BA;02 PBA_LA PAMPA;B;Klie;;C;;;;JP;B1902ZAAu0011;10.20.66.174;I1163;ex I1163 x cierre CTT LA PLATA AUTORIZO RRHH REG PBA_LP
LA PLATA TELECOMUNICACIONES BA;02 PBA_LA PAMPA;B;Imp;;;I;;;JP;;10.20.66.178;I1163;
LA PLATA TELECOMUNICACIONES1 BA;02 PBA_LA PAMPA;B;Serv;S;;;3;;JP;B1902ZAAu0012;10.20.66.175;I6054;3 TERMINALES RENOMBRADAS EN CDD,S PARA TX DEPENDEN CTT BAIRES 
LA PLATA TELECOMUNICACIONES1 BA;02 PBA_LA PAMPA;B;Klie;;C;;;;JP;B1902ZAAu0008;10.20.66.171;I6054;cdd 2 lpg Fernando Falcon 0221-6769733 ver con Hernan Grazulis
LA PLATA TELECOMUNICACIONES1 BA;02 PBA_LA PAMPA;B;Klie;;C;;;;JP;B1902ZAAu0013;10.20.66.176;I6054;cdd 2 lpg Joaquin Lugo 0221-2201503
LA PLATA TELECOMUNICACIONES1 BA;02 PBA_LA PAMPA;B;Klie;;C;;;;JP;I1163STM004;10.20.66.177;I6054;Cdd 4 lpg Ivan Wendel 0221-6079726
LA QUIACA J;04 CUYO NOA;Y;Serv;S;;;1;1;JP;I2473STM001;10.230.73.170;I2473;Y4650ZAAS0001
LA QUIACA J;04 CUYO NOA;Y;Imp;;;I;;;JP; ;10.230.73.171;I2473;
LABOULAYE CBA;03 CENTRO NEA;X;Serv;S;;;1;1;JP;I2251STM001;10.220.90.170;I2251;X6120ZAAW0001
LABOULAYE CBA;03 CENTRO NEA;X;Imp;;;I;;;JP;;10.220.90.171;I2251;
LAS HERAS MZA;04 CUYO NOA;M;Serv;S;;;1;1;JP;I2610STM001;10.120.66.4;I2610;M5540ZAAW0001 ip anterior 10.120.69.171
LAS HERAS MZA;04 CUYO NOA;M;Imp;;;I;;;JP;;10.120.66.xx;I2610;
LAS HERAS SC;06 SUR;Z;Serv;S;;;1;1;JP;Z9017ZAAu0070;10.240.74.170;I2834;
LAS HERAS SC;06 SUR;Z;Imp;;;I;;;JP;;10.240.74.171;I2834;
LIBERTADOR GENERAL SAN MARTIN J;04 CUYO NOA;Y;Serv;S;;;1;1;JP;I2444STM001;10.230.69.170;I2444;Y4512ZAAS0001
LIBERTADOR GENERAL SAN MARTIN J;04 CUYO NOA;Y;Imp;;;I;;;JP;;10.230.69.171;I2444;
LONGCHAMPS BA;METRO_Z8;B;Serv;S;;;1;1;JP;I1132STM001;10.245.102.170;I1132;B1854FCIW0001
LONGCHAMPS BA;METRO_Z8;B;Imp;;;I;;;JP; ;10.245.102.171;I1132;
LOS POLVORINES BA;METRO_Z5;B;Serv;S;;;1;1;JP;B1613AVKu0001;10.245.101.170;I3164;
LOS POLVORINES BA;METRO_Z5;B;Imp;;;I;;;JP; ;10.245.101.172;I3164;
LUJAN BA;02 PBA_LA PAMPA;B;Serv;S;;;1;1;JP;I1295STM001;10.26.60.170;I1295;B6700ZAAS0001
LUJAN BA;02 PBA_LA PAMPA;B;Imp;;;I;;;JP; ;10.26.60.171;I1295;
LUJAN DE CUYO MZA;04 CUYO NOA;M;Serv;S;;;1;1;JP;I2586STM001;10.120.75.170;I2586;M5507ZAAW0001
LUJAN DE CUYO MZA;04 CUYO NOA;M;Imp;;;I;;;JP;;10.120.75.171;I2586;
MAIPU MZA;04 CUYO NOA;M;Serv;S;;;1;1;JP;I2590STM001;10.120.70.170;I2590;M5515ZAAW0001
MAIPU MZA;04 CUYO NOA;M;Imp;;;I;;;JP;;10.120.70.171;I2590;
MAR DE AJO BA;02 PBA_LA PAMPA;B;Serv;S;;;1;1;JP;B7109ZAAu0001;10.26.27.170;I1318;Opera como mixta x cierre local en sitio SAN BERNARDO DEL TUYU BA (03/03/2025)
MAR DE AJO BA;02 PBA_LA PAMPA;B;Imp;;;I;;;JP;;10.26.27.171;I1318;
MAR DEL PLATA BA;02 PBA_LA PAMPA;B;Serv;S;;;1;1;JP;I1363STM001;10.22.66.170;I1363;B7600ZAHW0001 mail Cdd 01 Mar del Plata
MAR DEL PLATA BA;02 PBA_LA PAMPA;B;Imp;;;I;;;JP;;10.22.66.177;I1363;
MARCOS JUAREZ CBA;03 CENTRO NEA;X;Serv;S;;;1;1;JP;X2580ZAAu0001;10.222.68.170;I2291;
MARCOS JUAREZ CBA;03 CENTRO NEA;X;Imp;;;I;;;JP;;10.222.68.171;I2291;
MENDOZA MZA;04 CUYO NOA;M;Serv;S;;;3;1;JP;M5500ZALu0001;10.120.66.170;I2551;mail cdd 01 Mendoza
MENDOZA MZA;04 CUYO NOA;M;Klie;;C;;;;JP;M5500ZALu0002;10.120.66.171;I2551;
MENDOZA MZA;04 CUYO NOA;M;Klie;;C;;;;JP;M5500ZALu0003;10.120.66.172;I2551;
MENDOZA MZA;04 CUYO NOA;M;Imp;;;I;;;JP;;10.120.66.173;I2551;
MERCEDES BA;02 PBA_LA PAMPA;B;Serv;S;;;1;1;JP;I1277STM001;10.23.66.170;I1277;B6600ZAAS0002
MERCEDES BA;02 PBA_LA PAMPA;B;Imp;;;I;;;JP; ;10.23.66.172;I1277;
MERCEDES CTS;03 CENTRO NEA;W;Serv;S;;;1;1;JP;I2337STM001;10.210.69.170;I2337;W3470ZAAW0002
MERCEDES CTS;03 CENTRO NEA;W;Imp;;;I;;;JP;;10.210.69.171;I2337;
MERCEDES SL;04 CUYO NOA;D;Serv;S;;;1;1;JP;I2807STM001;10.41.66.170;I2807;D5732ZAAW0001
MERCEDES SL;04 CUYO NOA;D;Imp;;;I;;;JP;;10.41.66.171;I2807;
METAN S;04 CUYO NOA;A;Serv;S;;;1;1;JP;I2742STM001;10.10.69.170;I2742;A4440ZAAS0001
METAN S;04 CUYO NOA;A;Imp;;;I;;;JP; ;10.10.69.171;I2742;
MIRAMAR BA;02 PBA_LA PAMPA;B;Serv;S;;;1;1;JP;I1373STM001;10.26.62.170;I1373;B7607ZAAW0001
MIRAMAR BA;02 PBA_LA PAMPA;B;Imp;;;I;;;JP;;10.26.62.171;I1373;
MONTE GRANDE BA;METRO_Z8;B;Serv;S;;;1;1;JP;B1842ZABu0001;10.245.64.170;I1123;dell optiplex 330
MONTE GRANDE BA;METRO_Z8;B;Imp;;;I;;;JP;;10.245.64.171;I1123;
MORENO-COM BA;METRO_Z6;B;Serv;S;;;1;;JP;I7147STM001;10.245.110.170;I7147;ALTA POR MUDANZA CDD A CLOG (PARA PCE EN COMERCIAL)
MORENO-COM BA;METRO_Z6;B;imp;;;1;1;;JP;;;I7147;
NECOCHEA BA;02 PBA_LA PAMPA;B;Serv;S;;;1;1;JP;I1377STM001;10.26.63.170;I1377;B7630ZAAW0001
NECOCHEA BA;02 PBA_LA PAMPA;B;Imp;;;I;;;JP;;10.26.63.171;I1377;
NEUQUEN N;06 SUR;Q;Serv;S;;;1;1;JP;Q8300ZAAu0070;10.150.66.170;I2659;mail cdd Neuquen Jefatura cdd neuquen supervisión
NEUQUEN N;06 SUR;Q;Imp;;;I;;;JP;;10.150.66.175;I2659;
NEUQUEN V N;06 SUR;Q;Serv;S;;;1;1;JP;Q8300ZAAu0073;10.150.66.173;I6007;
NEUQUEN V N;06 SUR;Q;Imp;;;I;;;JP;;10.150.66.174;I6007;
NOGOYA ER;03 CENTRO NEA;E;Serv;S;;;1;1;JP;I2387STM001;10.50.70.170;I2387;E3150ZAAW0001
NOGOYA ER;03 CENTRO NEA;E;Imp;;;I;;;JP;;10.50.70.171;I2387;
OBERA MS;03 CENTRO NEA;N;Serv;S;;;1;1;JP;I2629STM001;10.130.68.170;I2629;N3360ZAAW0002
OBERA MS;03 CENTRO NEA;N;Imp;;;I;;;JP;;10.130.68.171;I2629;
OLAVARRIA BA;02 PBA_LA PAMPA;B;Serv;S;;;1;1;JP;I1347STM001;10.26.3.170;I1347;B7400ZAAW0001
OLAVARRIA BA;02 PBA_LA PAMPA;B;Imp;;;I;;;JP;;10.26.3.171;I1347;
PARANA ER;03 CENTRO NEA;E;Serv;S;;;1;1;JP;I2412STM002;10.50.66.170;I2412;E3100ZAFW0001
PARANA ER;03 CENTRO NEA;E;Imp;;;I;;;JP;;10.50.66.174;I2412;
PASO DE LOS LIBRES CTS;03 CENTRO NEA;W;Serv;S;;;1;1;JP;I2301STM001;10.210.74.170;I2301;W3230ZAAW0002
PASO DE LOS LIBRES CTS;03 CENTRO NEA;W;Imp;;;I;;;JP;;10.210.74.171;I2301;
PEHUAJO BA;02 PBA_LA PAMPA;B;Serv;S;;;1;1;JP;I1254STM001;10.26.15.173;I1254;B6450ZAAW0001
PEHUAJO BA;02 PBA_LA PAMPA;B;Imp;;;I;;;JP;;10.26.15.171;I1254;
PERGAMINO BA;02 PBA_LA PAMPA;B;Serv;S;;;1;1;JP;I1186STM001;10.26.64.170;I1186;B2700ZAAW0010
PERGAMINO BA;02 PBA_LA PAMPA;B;Imp;;;I;;;JP;;10.26.64.173;I1186;
PICO TRUNCADO SC;06 SUR;Z;Serv;S;;;1;1;JP;I2833STM001;10.240.68.170;I2833;Z9015ZAAW0070
PICO TRUNCADO SC;06 SUR;Z;Imp;;;I;;;JP;;10.240.68.171;I2833;
PILAR CDD BA;02 PBA_LA PAMPA;B;Serv;S;;;1;1;JP;B1629ZAAu0001;10.26.37.170;I1019;
PILAR CDD BA;02 PBA_LA PAMPA;B;Imp;;;I;;;JP;;10.26.37.171;I1019;
PINAMAR BA;02 PBA_LA PAMPA;B;Serv;S;;;1;1;JP;I1330STM001;10.26.20.170;I1330;B7167ZAAW0001
PINAMAR BA;02 PBA_LA PAMPA;B;Imp;;;I;;;JP;;10.26.20.171;I1330;
POSADAS MS;03 CENTRO NEA;N;Serv;S;;;1;1;JP;I2613STM001;10.130.66.170;I2613;N3300ZAAW0038
POSADAS MS;03 CENTRO NEA;N;Imp;;;I;;;JP;;10.130.66.173;I2613;
PRESIDENCIA ROQUE SAENZ PEÑA CHO;03 CENTRO NEA;H;Serv;S;;;1;1;JP;I2020STM001;10.80.67.170;I2020;H3700ZAAW0002
PRESIDENCIA ROQUE SAENZ PEÑA CHO;03 CENTRO NEA;H;Imp;;;I;;;JP;;10.80.67.171;I2020; 
PUERTO DESEADO SC;06 SUR;Z;Serv;S;;;1;1;JP;I2837STM001;10.149.241.170;I2837;Z9050ZAAW0070
PUERTO DESEADO SC;06 SUR;Z;Imp;;;I;;;JP;;10.149.241.171;I2837;
PUERTO MADRYN CHT;06 SUR;U;Serv;S;;;1;1;JP;I2054STM001;10.190.70.170;I2054;U9120ZAAW0070
PUERTO MADRYN CHT;06 SUR;U;Imp;;;I;;;JP;;10.190.70.171;I2054;
PUERTO SAN JULIAN SC;06 SUR;Z;Serv;S;;;1;1;JP;Z9310ZAAu0070;10.240.75.170;I2840;cambio ip 5/6/17 10.149.244.170
PUERTO SAN JULIAN SC;06 SUR;Z;Imp;;;I;;;JP; ;10.240.75.171;I2840;
PUESTO DE CORRECCION;08 OPERACIONES TELEGRAFICAS;C;Corr;S;;;;;OC;C1000ZAAW0107;10.30.136.224;CORR1;en sitio ctt  Baires ed av san juan
PUESTO DE CORRECCION 2;08 OPERACIONES TELEGRAFICAS;C;Corr;S;;;;;OC;C1000ZAAW0108;10.30.136.225;CORR3;en sitio ctt  Baires ed av san juan
PUNTA ALTA BA;02 PBA_LA PAMPA;B;Serv;S;;;1;1;JP;I3163STM001;10.26.16.170;I3163;B8109ZAAS0001
PUNTA ALTA BA;02 PBA_LA PAMPA;B;Imp;;;I;;;JP; ;10.26.16.171;I3163;
RAFAELA SF;03 CENTRO NEA;S;Serv;S;;;1;1;JP;I2924STM001;10.170.95.170;I2924;S2300ZAAW0002
RAFAELA SF;03 CENTRO NEA;S;Imp;;;I;;;JP;;10.170.95.171;I2924;
RAWSON CHT;06 SUR;U;Serv;S;;;1;1;JP;I2047STM001;10.191.67.170;I2047;U9103ZAAW0070
RAWSON CHT;06 SUR;U;Imp;;;I;;;JP;;10.191.67.171;I2047;
RECONQUISTA SF;03 CENTRO NEA;S;Serv;S;;;1;1;JP;I3037STM001;10.170.96.170;I3037;S3560ZAAW0002
RECONQUISTA SF;03 CENTRO NEA;S;Imp;;;I;;;JP;;10.170.96.171;I3037;
RESISTENCIA CHO;03 CENTRO NEA;H;Serv;S;;;1;1;JP;I2003STM002;10.80.66.170;I2003;H3500ZAAW0037
RESISTENCIA CHO;03 CENTRO NEA;H;Imp;;;I;;;JP;;10.80.66.174;I2003;
RINCON DE LOS SAUCES-CDD N;06 SUR;Q;Serv;S;;;;;JP;Q8319ZAAU0002;10.150.70.23;I6284;
RINCON DE LOS SAUCES-CDD N;06 SUR;Q;Imp;;;I;;;JP;;10.150.70.24;I6284;
RIO CUARTO CBA;03 CENTRO NEA;X;Serv;S;;;1;1;JP; I2185stm001;10.221.66.170;I2185;X5800ZABW0001 reemplazado
RIO CUARTO CBA;03 CENTRO NEA;X;Imp;;;I;;;JP;;10.221.66.173;I2185;
RIO GALLEGOS SC;06 SUR;Z;Serv;S;;;1;1;JP;I2842STM001;10.240.66.170;I2842;Z9400ZAAW0070
RIO GALLEGOS SC;06 SUR;Z;Imp;;;I;;;JP;;10.240.66.172;I2842;
RIO GALLEGOS-CDD SC;#N/D;#N/D;Serv;S;;;1;1;#N/D;Z9400ZAAW006;sin habilitar;I6250;sin habilitar
RIO GALLEGOS-CDD SC;#N/D;#N/D;Imp;;;I;;;#N/D;;sin habilitar;I6250;sin habilitar
RIO GRANDE TFAIAS;06 SUR;V;Serv;S;;;1;1;JP;I3109STM001;10.200.67.170;I3109;V9402ZAAW0070
RIO GRANDE TFAIAS;06 SUR;V;Imp;;;I;;;JP;;10.200.67.171;I3109;
RIO TERCERO CBA;03 CENTRO NEA;X;Serv;S;;;1;1;JP;I2205STM001;10.220.88.170;I2205;X5850ZAAW0001
RIO TERCERO CBA;03 CENTRO NEA;X;Imp;;;I;;;JP;;10.220.88.171;I2205;
RIO TURBIO SC;06 SUR;Z;Serv;S;;;1;1;JP;Z9407ZAAu0070;10.240.72.170;I2845;
RIO TURBIO SC;06 SUR;Z;Imp;;;I;;;JP; ;10.240.72.171;I2845;
RODEO DE LA CRUZ-CDD MZA;05 OESTE;M;Serv;S;;;1;1;JP;M5525ZAAU0001;10.120.80.170;I6290;
RODEO DE LA CRUZ-CDD MZA;05 OESTE;M;Imp;;;I;;;JP;;10.120.80.171;I6290;
ROSARIO  SF;03 CENTRO NEA;S;Serv;S;;;3;1;JP;S2000ZAIu0001;10.170.66.170;I2854;mail cdd 01 Rosario (ed casa central)
ROSARIO  SF;03 CENTRO NEA;S;Klie;;C;;;;JP;S2000ZAIu0003;10.170.66.172;I2854;
ROSARIO  SF;03 CENTRO NEA;S;Klie;;C;;;;JP;S2000ZAIu0005;10.170.66.174;I2854;
ROSARIO  SF;03 CENTRO NEA;S;Imp;;;I;;;JP;;10.170.66.175;I2854;
ROSARIO V SF;03 CENTRO NEA;S;Serv;;C;;;;JP;I6447STM001;10.170.66.202;I6447;ALTA 14/03/2018 EXCLUSIVA PARA ENTREGA TG EN VENTANILLA POR PCE
ROSARIO V SF;03 CENTRO NEA;S;Imp;;;I;;;JP;;10.170.66.203;I6447;
ROSARIO DEL TALA ER;03 CENTRO NEA;E;Serv;S;;;1;1;JP;I2361STM001;10.50.69.170;I2361;E3174ZAAW0001
ROSARIO DEL TALA ER;03 CENTRO NEA;E;Imp;;;I;;;JP;;10.50.69.171;I2361;
ROSARIO1 SF;03 CENTRO NEA;S;Serv;S;;;5;1;JP;I3916STM001;10.170.66.176;I3916;CTT ROSARIO
ROSARIO1 SF;03 CENTRO NEA;S;Klie;;C;;;;JP;S2000ZAIu0002;10.170.66.171;I3916;CTT ROSARIO
ROSARIO1 SF;03 CENTRO NEA;S;Klie;;C;;;;JP;S2000ZAIu0004;10.170.66.173;I3916;CTT ROSARIO
ROSARIO1 SF;03 CENTRO NEA;S;Klie;;C;;;;JP;S2000ZAIu0007;10.170.66.177;I3916;CTT ROSARIO
ROSARIO1 SF;03 CENTRO NEA;S;Klie;;C;;;;JP;S2000ZAIu0016;10.170.66.198;I3916;CTT ROSARIO
ROSARIO1 SF;03 CENTRO NEA;S;Imp;;;I; ; ;JP;;10.170.66.181;I3916;CTT ROSARIO
ROSARIO2 SF;03 CENTRO NEA;S;Serv;S;;;5;;JP;S2000ZAIu0008;10.170.66.178;I6010;CTT ROSARIO
ROSARIO2 SF;03 CENTRO NEA;S;Klie;;C;;;;JP;S2000ZAIu0009;10.170.66.179;I6010;CTT ROSARIO
ROSARIO2 SF;03 CENTRO NEA;S;Klie;;C;;;;JP;S2000ZAIu0010;10.170.66.180;I6010;CTT ROSARIO
ROSARIO2 SF;03 CENTRO NEA;S;Klie;;C;;;;JP;S2000ZAIu0014;10.170.66.186;I6010;CTT ROSARIO
ROSARIO2 SF;03 CENTRO NEA;S;Klie;;C;;;;JP;S2000ZAIu0015;10.170.66.187;I6010;CTT ROSARIO
RUFINO SF;03 CENTRO NEA;S;Serv;S;;;1;1;JP;S6100ZAAu0001;10.170.98.170;I3044;
RUFINO SF;03 CENTRO NEA;S;Imp;;;I;;;JP;;10.170.98.171;I3044;
SALADAS CTS;03 CENTRO NEA;W;Serv;S;;;1;1;JP;I2326STM001;10.210.70.170;I2326;W3420ZAAW0002
SALADAS CTS;03 CENTRO NEA;W;Imp;;;I;;;JP;;10.210.70.171;I2326;
SALADILLO BA;02 PBA_LA PAMPA;B;Serv;S;;;1;1;JP;I1340STM001;10.26.56.170;I1340;B7260ZAAS0001
SALADILLO BA;02 PBA_LA PAMPA;B;Imp;;;I;;;JP; ;10.26.56.171;I1340;
SALON COMERCIAL CASA CENTRAL CF;14 METRO CENTRO NORTE;C;Serv;S;;;1;1;JP;C1000ZAAu1455;10.30.150.40;I5586;EXCLUSIVA PARA ENTREGA TG EN VENTANILLA POR PCE SUC CENTRO CF
SALON COMERCIAL CASA CENTRAL CF;14 METRO CENTRO NORTE;C;Imp;;;I;;;JP;;10.30.150.31;I5586;
SALTA S;04 CUYO NOA;A;Serv;S;;;3;;JP;I2725STM001;10.10.66.170;I2725;CDD SALTA (TIENE CLIENTES QUE SE LOGUEAN A i9803 X TX STS IMÁGENES)
SALTA S;04 CUYO NOA;A;Klie;;C;;;;JP;ttaab09p;10.10.66.169;I2725;CDD SALTA (TIENE CLIENTES QUE SE LOGUEAN A i9803 X TX STS IMÁGENES)
SALTA S;04 CUYO NOA;A;Klie;;C;;;;JP;i2725stm003;10.10.66.173;I2725;CDD SALTA (TIENE CLIENTES QUE SE LOGUEAN A i9803 X TX STS IMÁGENES)
SALTA S;04 CUYO NOA;A;Imp;;;1;;;JP; ;10.10.66.140;I2725;CDD SALTA (TIENE CLIENTES QUE SE LOGUEAN A i9803 X TX STS IMÁGENES)
SAN ANTONIO OESTE RN;06 SUR;R;Serv;S;;;1;1;JP;I2712STM001;10.160.71.170;I2712;R8520ZAAW0070
SAN ANTONIO OESTE RN;06 SUR;R;Imp;;;I;;;JP;;10.160.71.171;I2712;
SAN CARLOS DE BARILOCHE RN;06 SUR;R;Serv;S;;;1;1;JP;I2700STM001;10.160.73.170;I2700;R8400ZAAW0070
SAN CARLOS DE BARILOCHE RN;06 SUR;R;Imp;;;I;;;JP;;10.160.73.171;I2700;
SAN CLEMENTE DEL TUYU BA;02 PBA_LA PAMPA;B;Serv;S;;;1;1;JP;B7105ZAAU0001;10.26.28.170;I1313;
SAN CLEMENTE DEL TUYU BA;02 PBA_LA PAMPA;B;Imp;;;I;;;JP;;10.26.28.171;I1313;
SAN FRANCISCO CBA;03 CENTRO NEA;X;Serv;S;;;1;1;JP;I2092STM001;10.220.86.170;I2092;X2400ZAAW0001
SAN FRANCISCO CBA;03 CENTRO NEA;X;Imp;;;I;;;JP;;10.220.86.171;I2092;
SAN ISIDRO BA;METRO_Z5;B;Serv;S;;;1;1;JP;B1642ZABu0001;10.138.66.170;I1029;
SAN ISIDRO BA;METRO_Z5;B;Imp;;;I;;;JP;;10.138.66.172;I1029;
SAN JOSE DE GUAYMALLEN-CDD MZA;04 CUYO NOA;M;Serv;S;;;1;1;JP;I6224STM001;10.120.66.19;I6224;M5526BEJW0001
SAN JOSE DE GUAYMALLEN-CDD MZA;04 CUYO NOA;M;Imp;;;I;;;JP;;10.120.66.25;I6224;
SAN JUAN V SJ;04 CUYO NOA;J;Serv;S;;;1;1;JP;I2768STM001;10.90.66.170;I2768;J5402ZABW0001 - CAMBIO IP 78/01/2004
SAN JUAN V SJ;04 CUYO NOA;J;Imp;;;I;;;JP;;10.90.66.175;I2768;CAMBIO IP 78/01/2004
SAN LORENZO SF;03 CENTRO NEA;S;Serv;S;;;1;1;JP;I2906STM001;10.170.85.170;I2906;S2200ZAAW0001
SAN LORENZO SF;03 CENTRO NEA;S;Imp;;;I;;;JP;;10.170.85.171;I2906;
SAN LUIS V SL;04 CUYO NOA;D;Serv;S;;;1;1;JP;I2799STM001;10.40.66.170;I2799;D5702ZACW0001
SAN LUIS V SL;04 CUYO NOA;D;Imp;;;I;;;JP;;10.40.66.174;I2799;
SAN MARTIN DE LOS ANDES N;06 SUR;Q;Serv;S;;;1;1;JP;I2674STM001;10.150.71.170;I2674;Q8370ZAAW0070
SAN MARTIN DE LOS ANDES N;06 SUR;Q;Imp;;;I;;;JP;;10.150.71.171;I2674;
SAN MIGUEL BA;METRO_Z6;B;Serv;S;;;1;1;JP;B1663NMBu0001;10.245.87.170;I1042;
SAN MIGUEL BA;METRO_Z6;B;Imp;;;I;;;JP; ;10.245.87.172;I1042;
SAN NICOLAS BA;02 PBA_LA PAMPA;B;Serv;S;;;1;1;JP;I1201STM001;10.26.36.170;I1201;B2900ZAAW0001
SAN NICOLAS BA;02 PBA_LA PAMPA;B;Imp;;;I;;;JP;;10.26.36.171;I1201;
SAN PEDRO CDD BA;02 PBA_LA PAMPA;B;Serv;S;;;1;1;JP;I6206STM001;10.26.31.160;I6206;B2930INBW0001
SAN PEDRO CDD BA;02 PBA_LA PAMPA;B;Imp;;;I;;;JP;;10.26.31.171;I6206;
SAN PEDRO J;04 CUYO NOA;Y;Serv;S;;;1;1;JP;I2442STM001;10.230.70.170;I2442;Y4500ZAAS0001
SAN PEDRO J;04 CUYO NOA;Y;Imp;;;I;;;JP; ;10.230.70.171;I2442;
SAN RAFAEL MZA;04 CUYO NOA;M;Serv;S;;;1;1;JP;I2573STM001;10.120.81.170;I2573;M5600ZAAW0001
SAN RAFAEL MZA;04 CUYO NOA;M;Imp;;;I;;;JP;;10.120.81.171;I2573;
SAN RAMON DE LA NUEVA ORAN S;04 CUYO NOA;A;Serv;S;;;1;1;JP;I2747STM001;10.230.71.170;I2747;A4503ZAAS0001
SAN RAMON DE LA NUEVA ORAN S;04 CUYO NOA;A;Imp;;;I;;;JP; ;10.230.71.171;I2747;
SAN SALVADOR DE JUJUY J;04 CUYO NOA;Y;Serv;S;;;1;1;JP;I2450STM001;10.230.71.170;I2450;Y4600ZAAS0002
SAN SALVADOR DE JUJUY J;04 CUYO NOA;Y;Imp;;;I;;;JP; ;10.230.71.173;I2450;
SANTA MARIA C;04 CUYO NOA;K;Serv;S;;;1;1;JP;I1963STM001;10.100.67.170;I1963;K4011ZAAW0001
SANTA MARIA C;04 CUYO NOA;K;Imp;;;I;;;JP;;10.100.67.171;I1963;
SANTA ROSA DE CALAMUCHITA CBA;03 CENTRO NEA;X;Serv;S;;;1;1;JP;I2163STM001;10.220.92.170;I2163;X5196ZAAW0001
SANTA ROSA DE CALAMUCHITA CBA;03 CENTRO NEA;X;Imp;;;I;;;JP;;10.220.92.171;I2163;
SANTA ROSA LP;02 PBA_LA PAMPA;L;Serv;S;;;1;1;JP;I2484STM001;10.110.66.170;I2484;L6300ZAAW0070
SANTA ROSA LP;02 PBA_LA PAMPA;L;Imp;;;I;;;JP;;10.110.66.173;I2484;
SANTA TERESITA BA;02 PBA_LA PAMPA;B;Serv;S;;;1;1;JP;I1315STM001;10.26.22.170;I1315;B7107ZAAW0001
SANTA TERESITA BA;02 PBA_LA PAMPA;B;Imp;;;I;;;JP;;10.26.22.171;I1315;
SANTIAGO DEL ESTERO SE;04 CUYO NOA;G;Serv;S;;;2;1;JP;I3070STM001;10.70.66.170;I3070;G4200ZAAW0027 - ¿tk 74689?
SANTIAGO DEL ESTERO SE;04 CUYO NOA;G;klie;;C;;;;JP;I3070STM002;10.70.66.172;I3070;
SANTIAGO DEL ESTERO SE;04 CUYO NOA;G;Imp;;;I;;;JP;;10.70.66.173;I3070;
SANTO TOME SF;03 CENTRO NEA;S;Serv;S;;;1;1;JP;I3007STM001;10.171.87.170;I3007;S3341ZAAW0001
SANTO TOME SF;03 CENTRO NEA;S;Imp;;;I;;;JP;;10.171.87.171;I3007;
SARMIENTO CHT;06 SUR;U;Serv;S;;;1;1;JP;I2041STM001;10.190.67.170;I2041;U9020ZAAW0070
SARMIENTO CHT;06 SUR;U;Imp;;;I;;;JP;;10.190.67.171;I2041;
SISTEMA DE GIROS Y TRANSFERENCIA CF;08 OPERACIONES TELEGRAFICAS;C;Serv;S;;;2;;OG;B1842ZACS0227;10.1.12.248;I5878;cambio nombre e IP 4/jul/2012 / ultimo cambio ip y nombre 17-7-24 -EN DATA CENTER
SISTEMA DE GIROS Y TRANSFERENCIA CF;08 OPERACIONES TELEGRAFICAS;C;Klie;;C;;;;OG;;10.30.136.230;I5878;baja C1148ZABW0005 reemplazado con cliente en I0210 como monitoreo  en OPT bja seriales I5878
SIT 1 CORREO CENTRAL CF;08 OPERACIONES TELEGRAFICAS;C;Serv;S;;;1;;OS;C1000ZAAW0534;10.30.136.232;I1485;en sitio ctt  Baires ed av san juan Hernan Grazulis
SIT 2 CORREO CENTRAL CF;08 OPERACIONES TELEGRAFICAS;C;Serv;S;;;1;;OS;C1000ZAAW0511;10.30.136.233;I1486;en sitio ctt  Baires ed av san juan
SIT 2 CORREO CENTRAL CF;08 OPERACIONES TELEGRAFICAS;C;Imp;;;I;;1;OS;B1842ZACWS0162;10.30.136.8;I1486;hp 4050
SIT 3 CORREO CENTRAL CF;08 OPERACIONES TELEGRAFICAS;C;Serv;S;;;1;;OS;b1842zacs0162;10.1.10.154;I1487;ex C1000ZAAW0537 10.30.136.234 SERVER EN MGRANDE - DATA CENTER
SIT 4 CORREO CENTRAL CF;08 OPERACIONES TELEGRAFICAS;C;Serv;S;;;1;;OS;C1148ZABW0204;10.30.136.97;I6088;en sitio ctt  Baires ed av san juan
SIT 5 CORREO CENTRAL CF;08 OPERACIONES TELEGRAFICAS;C;Serv;S;;;1;;OS;B1842ZACW0346;10.30.136.26;I6905;en sitio ctt  Baires ed av san juan
SUNCHALES SF;03 CENTRO NEA;S;Serv;S;;;1;1;JP;I2932STM001;10.170.97.170;I2932;S2322ZAAW0002
SUNCHALES SF;03 CENTRO NEA;S;Imp;;;I;;;JP;;10.170.97.171;I2932;
SUPERVISION STS;08 OPERACIONES TELEGRAFICAS;C;Serv;S;;;1;1;JP;c1000zaaU0214;10.30.136.230;I0210;
SUPERVISION STS;08 OPERACIONES TELEGRAFICAS;C;Imp;;;I;;;JP;;10.30.136.236;I0210;
TANDIL BA;02 PBA_LA PAMPA;B;Serv;S;;;1;1;JP;I1304STM001;10.26.2.170;I1304;B7000ZAAW0001 - CAMBIO IP 9-abr-08 10.26.1.170
TANDIL BA;02 PBA_LA PAMPA;B;Imp;;;I;;;JP;;10.26.2.171;I1304;
TARTAGAL S;04 CUYO NOA;A;Serv;S;;;1;1;JP;I2754STM001;10.10.76.170;I2754;A4560ZAAS0001
TARTAGAL S;04 CUYO NOA;A;Imp;;;I;;;JP; ;10.10.76.171;I2754;
TERMAS DE RIO HONDO SE;04 CUYO NOA;G;Serv;S;;;1;1;JP;I3074STM001;10.70.69.170;I3074;G4220ZAAW0001
TERMAS DE RIO HONDO SE;04 CUYO NOA;G;Imp;;;I;;;JP; ;10.70.69.171;I3074;
TRELEW CHT;06 SUR;U;Serv;S;;;1;1;JP;I2045STM001;10.191.66.170;I2045;U9100ZAAW0070
TRELEW CHT;06 SUR;U;Imp;;;I;;;JP;;10.191.66.171;I2045;
TRENQUE LAUQUEN BA;02 PBA_LA PAMPA;B;Serv;S;;;1;1;JP;I1246STM001;10.26.9.170;I1246;B6400ZAAW0001
TRENQUE LAUQUEN BA;02 PBA_LA PAMPA;B;Imp;;;I;;;JP;;10.26.9.171;I1246;
TRES ARROYOS BA;02 PBA_LA PAMPA;B;Serv;S;;;1;1;JP;I1351STM001;10.26.48.160;I1351;B7500ZAAS0001
TRES ARROYOS BA;02 PBA_LA PAMPA;B;Imp;;;I;;;JP; ;10.26.48.171;I1351;
TUNUYAN MZA;04 CUYO NOA;M;Serv;S;;;1;1;JP;I2602STM001;10.120.73.170;I2602;M5560ZAAW0001
TUNUYAN MZA;04 CUYO NOA;M;Imp;;;I;;;JP;;10.120.73.171;I2602;
USHUAIA TFAIAS;06 SUR;V;Serv;S;;;1;1;JP;I3106STM001;10.200.66.170;I3106;V9410ZAAW0070
USHUAIA TFAIAS;06 SUR;V;Imp;;;I;;;JP;;10.200.66.171;I3106; 
VENADO TUERTO SF;03 CENTRO NEA;S;Serv;S;;;1;1;JP;I2961STM001;10.170.99.170;I2961;S2600ZAAW0001
VENADO TUERTO SF;03 CENTRO NEA;S;Imp;;;I;;;JP;;10.170.99.171;I2961;
VIEDMA RN;06 SUR;R;Serv;S;;;1;1;JP;I2708STM001;10.160.66.170;I2708;R8500ZAAW0070
VIEDMA RN;06 SUR;R;Imp;;;I;;;JP;;10.160.66.171;I2708;
VILLA ADELINA BA;METRO_Z4;B;Serv;S;;;1;1;JP;I1004STM001;10.245.91.170;I1004;B1607ZAAW0001
VILLA ADELINA BA;METRO_Z4;B;Imp;;;I;;;JP;;10.245.91.171;I1004;
VILLA ANGELA CHO;03 CENTRO NEA;H;Serv;S;;;1;1;JP;H3540zaau0002;10.80.68.170;I2019;
VILLA ANGELA CHO;03 CENTRO NEA;H;Imp;;;I;;;JP;;10.80.68.171;I2019;
VILLA CARLOS PAZ CBA;03 CENTRO NEA;X;Serv;S;;;1;1;JP;I2143STM001;10.220.72.170;I2143;X2152ZAAW0001
VILLA CARLOS PAZ CBA;03 CENTRO NEA;X;Imp;;;I;;;JP;;10.220.72.171;I2143;
VILLA CONSTITUCION SF;03 CENTRO NEA;S;Serv;S;;;1;1;JP;I2985STM001;10.170.69.170;I2985;S2919ZAAW0001
VILLA CONSTITUCION SF;03 CENTRO NEA;S;Imp;;;I;;;JP;;10.170.69.171;I2985;
VILLA DOLORES CBA;03 CENTRO NEA;X;Serv;S;;;1;1;JP;X5870ZAAU0001;10.220.70.170;I2211;
VILLA DOLORES CBA;03 CENTRO NEA;X;Imp;;;I;;;JP;;10.220.70.171;I2211;
VILLA GESELL BA;02 PBA_LA PAMPA;B;Serv;S;;;1;1;JP;I1329STM001;10.26.45.170;I1329;B7165ZAAW0001
VILLA GESELL BA;02 PBA_LA PAMPA;B;Imp;;;I;;;JP;;10.26.45.171;I1329;
VILLA GOBERNADOR GALVEZ SF;03 CENTRO NEA;S;Serv;S;;;1;1;JP;I2884STM001;10.170.71.170;I2884;S2124ZAAW0001
VILLA GOBERNADOR GALVEZ SF;03 CENTRO NEA;S;Imp;;;I;;;JP;;10.170.71.171;I2884;
VILLA HIPODROMO-CDD MZA;05 OESTE;M;Serv;S;;;1;1;JP;I6221STM001;10.120.77.170;I6221;M5547DUHW0001
VILLA HIPODROMO-CDD MZA;05 OESTE;M;Imp;;;I;;;JP;;10.120.77.171;I6221;
VILLA KRAUSE SJ;04 CUYO NOA;J;Serv;S;;;1;1;JP;I2782STM001;10.90.67.171;I2782;J5425ZAAW0001
VILLA KRAUSE SJ;04 CUYO NOA;J;Imp;;;I;;;JP;;10.90.67.172;I2782;
VILLA MARIA CBA;03 CENTRO NEA;X;Serv;S;;;1;1;JP;I2217STM001;10.222.66.170;I2217;X5900ZAAW0002
VILLA MARIA CBA;03 CENTRO NEA;X;Imp;;;I;;;JP;;10.222.66.171;I2217;
VILLA NUEVA DE GUAYMALLEN MZA;04 CUYO NOA;M;Serv;S;;;1;1;JP;M5535ZAHu0001;10.120.78.170;I2574;
VILLA NUEVA DE GUAYMALLEN MZA;04 CUYO NOA;M;Imp;;;I;;;JP;;10.120.78.171;I2574;
VILLA REGINA RN;06 SUR;R;Serv;S;;;1;1;JP;I2714STM001;10.160.68.170;I2714;R8336ZAAW0070
VILLA REGINA RN;06 SUR;R;Imp;;;I;;;JP;;10.160.68.171;I2714;
VILLAGUAY ER;03 CENTRO NEA;E;Serv;S;;;1;1;JP;I2377STM001;10.50.71.170;I2377;E3240ZAAW0001
VILLAGUAY ER;03 CENTRO NEA;E;Imp;;;I;;;JP;;10.50.71.171;I2377;
ZAPALA N;06 SUR;Q;Serv;S;;;1;1;JP;I2670STM001;10.150.73.170;I2670;Q8340ZAAW0070
ZAPALA N;06 SUR;Q;Imp;;;I;;;JP;;10.150.73.171;I2670;
ZARATE CDD BA;02 PBA_LA PAMPA;B;Serv;S;;;1;1;JP;I1198STM001;10.26.66.170;I1198;B2800ZAAW0001
ZARATE CDD BA;02 PBA_LA PAMPA;B;Imp;;;I;;;JP;;10.26.66.171;I1198;
