NIS;Provincia;Tipo;Departamento;Dirección;Nombre normalizado;IPv4;Anotaciones;
CORR1;C;Server;PUESTO DE CORRECCIÓN;AV SAN JUAN 1349;C1000ZAAW0107;10.30.136.224;;
CORR3;C;Server;PUESTO DE CORRECCIÓN 2;AV SAN JUAN 1349;C1000ZAAW0108;10.30.136.225;;
I0011;C;Server;TELEG CIRCULARES 1 S.T.S.;AV SAN JUAN 1349;C1000ZAAW0201;10.30.136.68;;
I0110;C;Server;TELEG CIRCULARES 2 S.T.S.;AV SAN JUAN 1349;C1000ZAAW0235;10.30.136.229;;
I0210;C;Server;TELEG SUPERVISION STS - OPT;AV SAN JUAN 1349;C1000ZAAU0214;10.30.136.230;;
I0210;C;Impresora;TELEG SUPERVISION STS - OPT;AV SAN JUAN 1349;No aplica;10.30.136.236;;
I1004;B;Server;TELEG BS AS - VILLA ADELINA;PARANÁ 6001;I1004STM001;10.245.91.170;;
I1004;B;Impresora;TELEG BS AS - VILLA ADELINA;PARANÁ 6001;No aplica;10.245.91.171;;
I1007;B;Server;TELEG BS AS - DON TORCUATO;AV ANGEL T DE ALVEAR 1656;I1007STM001;10.245.123.170;;
I1007;B;Impresora;TELEG BS AS - DON TORCUATO;AV ANGEL T DE ALVEAR 1656;No aplica;10.245.123.171;;
I1012;B;Server;TELEG BS AS - GENERAL PACHECO;YRIGOYEN HIPOLITO 214;B1617FRPU0001;10.245.96.170;;
I1012;B;Impresora;TELEG BS AS - GENERAL PACHECO;YRIGOYEN HIPOLITO 214;No aplica;10.245.96.171;;
I1017;B;Server;TELEG BS AS - ESCOBAR;RIVADAVIA 302;I1017STM001;10.26.58.170;;
I1017;B;Impresora;TELEG BS AS - ESCOBAR;RIVADAVIA 302;No aplica;10.26.58.171;;
I1019;B;Server;TELEG BS AS - PILAR CDD;AV PTE J D PERON 1294;B1629ZAAU0001;10.26.37.170;;
I1019;B;Impresora;TELEG BS AS - PILAR CDD;AV PTE J D PERON 1294;No aplica;10.26.37.171;Sin conexión;
I1024;B;Server;TELEG BS AS - VICENTE LOPEZ CDD;PELLIZA 3780;I1024STM001;10.246.130.170;;
I1024;B;Impresora;TELEG BS AS - VICENTE LOPEZ CDD;PELLIZA 3780;No aplica;10.246.130.171;;
I1029;B;Server;TELEG BS AS - SAN ISIDRO CDD;ALSINA 98;B1642ZABU0001;10.138.66.170;;
I1029;B;Impresora;TELEG BS AS - SAN ISIDRO CDD;ALSINA 98;No aplica;10.138.66.171;;
I1032;B;Server;TELEG BS AS - SAN FERNANDO CDD;AV PTE J D PERON 724;B1646ZAAU0001;10.245.137.170;;
I1034;B;Server;TELEG BS AS - SAN MARTIN;INTE A M CAMPOS 1951;I1034STM001;10.246.80.170;;
I1034;B;Impresora;TELEG BS AS - SAN MARTIN;INTE A M CAMPOS 1951;No aplica;10.246.80.171;;
I1042;B;Server;TELEG BS AS - SAN MIGUEL;MANUEL BELGRANO 801;B1663NMBU0001;10.245.87.170;;
I1045;B;Server;TELEG BS AS - JOSE C. PAZ;ROQUE SAENZ PEŃA 5009;I1045STM001;10.245.168.170;;
I1047;B;Server;TELEG BS AS - MANUEL ALBERTI;AV PTE H YRIGOYEN 823;I1047STM001;10.245.174.170;;
I1056;B;Server;TELEG BS AS - EL PALOMAR;MECANICO ROSETTI 736;B1685GTBU0001;10.245.97.170;;
I1056;B;Impresora;TELEG BS AS - EL PALOMAR;MECANICO ROSETTI 736;No aplica;10.245.97.171;Sin conexión;
I1057;B;Server;TELEG BS AS - HURLINGHAM CDD;AV GDOR V VERGARA 3443;I1057STM001;10.245.135.170;;
I1064;B;Server;TELEG BS AS - RAMOS MEJIA;AV RIVADAVIA 14178;I1064STM001;10.245.65.170;;
I1064;B;Impresora;TELEG BS AS - RAMOS MEJIA;AV RIVADAVIA 14178;No aplica;10.245.65.172;;
I1066;B;Server;TELEG BS AS - ITUZAINGO;GRAL FELIX DE OLAZABAL 728;B1714ZAAW0001;10.245.111.170;;
I1066;B;Impresora;TELEG BS AS - ITUZAINGO;GRAL FELIX DE OLAZABAL 728;No aplica;10.245.111.171;;
I1070;B;Server;TELEG BS AS - MERLO;AV DEL LIBERTADOR 556;I1070STM001;10.245.75.170;;
I1070;B;Impresora;TELEG BS AS - MERLO;AV DEL LIBERTADOR 556;No aplica;10.245.75.171;;
I1076;B;Server;TELEG BS AS - MORENO;GRAHAM BELL 2200;B1744ZAAU0001;10.246.162.170;;
I1079;B;Server;TELEG BS AS - GENERAL RODRIGUEZ;AV DEL LIB G SAN MARTIN 233;I1079STM001;10.26.59.170;;
I1079;B;Impresora;TELEG BS AS - GENERAL RODRIGUEZ;AV DEL LIB G SAN MARTIN 233;No aplica;10.26.59.171;;
I1081;B;Server;TELEG BS AS - SAN JUSTO;ALMAFUERTE 3171;I1081STM001;10.245.93.170;;
I1081;B;Impresora;TELEG BS AS - SAN JUSTO;ALMAFUERTE 3171;No aplica;10.245.93.171;;
I1084;B;Server;TELEG BS AS - GREGORIO DE LAFERRERE;CNEL MONTT 3951;B1757CLCU0002;10.245.199.170;;
I1084;B;Impresora;TELEG BS AS - GREGORIO DE LAFERRERE;CNEL MONTT 3951;No aplica;10.245.199.171;Sin conexión;
I1090;B;Server;TELEG BS AS - TAPIALES;HUMAITA 1156;B1770ANFU0001;10.246.138.170;Se muda a CDP Mercado Central;
I1090;B;Impresora;TELEG BS AS - TAPIALES;HUMAITA 1156;No aplica;10.246.138.171;Se muda a CDP Mercado Central;
I1100;B;Server;TELEG BS AS - EZEIZA;FRENCH 198;B1804ZABU0001;10.245.105.170;;
I1100;B;Impresora;TELEG BS AS - EZEIZA;FRENCH 198;No aplica;10.245.105.171;;
I1107;B;Server;TELEG LANUS CDD;VELEZ SARSFIELD 1371;I1107STM001;10.245.114.170;;
I1107;B;Impresora;TELEG LANUS CDD;VELEZ SARSFIELD 1371;No aplica;10.245.114.171;;
I1116;B;Server;TELEG BS AS - LOMAS DE ZAMORA;DR A ALSINA 1953;B1832ZAAU0001;10.245.182.170;;
I1116;B;Impresora;TELEG BS AS - LOMAS DE ZAMORA;DR A ALSINA 1953;No aplica;10.245.182.171;;
I1118;B;Server;TELEG BS AS - TEMPERLEY CDD;AV PTE H YRIGOYEN 9720;B1834ZAAU0001;10.246.77.170;;
I1123;B;Server;TELEG BS AS - MONTE GRANDE;VICENTE LOPEZ 448;B1842ZABU0001;10.245.64.170;;
I1123;B;Impresora;TELEG BS AS - MONTE GRANDE;VICENTE LOPEZ 448;No aplica;10.245.64.171;;
I1124;B;Server;TELEG - ALMIRANTE BROWN;ALMTE. FRANCISCO SEGUI 880;B1846ZAAu0001;10.245.220.170;;
I1124;B;Impresora;TELEG - ALMIRANTE BROWN;ALMTE. FRANCISCO SEGUI 880;No aplica;10.245.220.171;;
I1130;B;Server;TELEG BS AS - CLAYPOLE;R ESCALADA SAN MARTIN 723;I1130STM001;10.245.94.170;;
I1130;B;Impresora;TELEG BS AS - CLAYPOLE;R ESCALADA SAN MARTIN 723;No aplica;10.245.94.171;;
I1132;B;Server;TELEG BS AS - LONGCHAMPS;DR MANUEL BELGRANO 1453;I1132STM001;10.245.102.170;;
I1132;B;Impresora;TELEG BS AS - LONGCHAMPS;DR MANUEL BELGRANO 1453;No aplica;10.245.102.171;Sin conexión;
I1137;B;Server;TELEG BS AS - AVELLANEDA;AV DR MANUEL BELGRANO 390;I1137STM001;10.245.83.170;;
I1137;B;Impresora;TELEG BS AS - AVELLANEDA;AV DR MANUEL BELGRANO 390;No aplica;10.245.83.172;;
I1148;B;Server;TELEG BS AS - QUILMES CDD;MARTIN RODRIGUEZ 199 / GALPON 15;I1148STM001;10.246.146.170;;
I1152;B;Server;TELEG BS AS - BERAZATEGUI;AV 14 4457;B1880ZAAU0001;10.245.69.170;;
I1152;B;Impresora;TELEG BS AS - BERAZATEGUI;AV 14 4457;No aplica;10.245.69.171;;
I1155;B;Server;TELEG BS AS - FLORENCIO VARELA;AV GRAL SAN MARTIN 3041;I1155STM001;10.245.116.170;;
I1155;B;Impresora;TELEG BS AS - FLORENCIO VARELA;AV GRAL SAN MARTIN 3041;No aplica;10.245.116.171;;
I1161;B;Server;TELEG LA PLATA;AV 51 456;B1902ZAAU0009;10.20.66.172;;
I1161;B;Impresora;TELEG LA PLATA;AV 51 456;No aplica;10.20.66.94;;
I1164;B;Server;TELEG LA PLATA - CDD 1;AV 44 2231;I1164STM001;10.20.68.170;;
I1164;B;Impresora;TELEG LA PLATA - CDD 1;AV 44 2231;No aplica;10.20.68.171;;
I1165;B;Server;TELEG LA PLATA - CDD 2;CALLE 28 2667;I1165STM001;10.20.69.170;;
I1165;B;Impresora;TELEG LA PLATA - CDD 2;CALLE 28 2667;No aplica;10.20.69.150;;
I1179;B;Server;TELEG BS AS - BERISSO;DOMINGO LEVERATO 4480;I1179STM001;10.20.71.170;;
I1180;B;Server;TELEG BS AS - ENSENADA;SAN MARTIN 925;I1180STM001;10.20.72.101;;
I1180;B;Impresora;TELEG BS AS - ENSENADA;SAN MARTIN 925;No aplica;10.20.72.171;;
I1186;B;Server;TELEG BS AS - PERGAMINO;MERCED 173;I1186STM001;10.26.64.170;;
I1186;B;Impresora;TELEG BS AS - PERGAMINO;MERCED 173;No aplica;10.26.64.171;;
I1198;B;Server;TELEG BS AS - ZARATE;FELIX PAGOLA 35;I1198STM001;10.26.66.170;;
I1198;B;Impresora;TELEG BS AS - ZARATE;FELIX PAGOLA 35;No aplica;10.26.66.171;;
I1201;B;Server;TELEG BS AS - SAN NICOLAS;DE LA NACION 175;I1201STM001;10.26.36.170;;
I1201;B;Impresora;TELEG BS AS - SAN NICOLAS;DE LA NACION 175;No aplica;10.26.36.171;;
I1217;B;Server;TELEG BS AS - JUNIN CDD;AV RIVADAVIA 5;I1217STM001;10.26.8.170;;
I1217;B;Impresora;TELEG BS AS - JUNIN CDD;AV RIVADAVIA 5;No aplica;10.26.8.180;;
I1237;B;Server;TELEG BS AS - GENERAL VILLEGAS;GRAL SAN MARTIN 453;I1237STM001;10.26.23.170;;
I1237;B;Impresora;TELEG BS AS - GENERAL VILLEGAS;GRAL SAN MARTIN 453;No aplica;10.26.23.171;;
I1254;B;Server;TELEG BS AS - PEHUAJO;RIVAROLA 345;I1254STM001;10.26.15.173;;
I1254;B;Impresora;TELEG BS AS - PEHUAJO;RIVAROLA 345;No aplica;10.26.15.180;;
I1262;B;Server;TELEG BS AS - 9 DE JULIO;AV BME MITRE 794;I1262STM001;10.26.13.170;Sin conexión;
I1277;B;Server;TELEG BS AS - MERCEDES;AVENIDA 29 - 645;I1277STM001;10.23.66.170;;
I1282;B;Server;TELEG BS AS - CHIVILCOY;MANUEL BELGRANO 7;I1282STM001;10.26.24.170;;
I1287;B;Server;TELEG BS AS - BRAGADO;DR MANUEL BELGRANO 1101;I1287STM001;10.26.5.170;;
I1287;B;Impresora;TELEG BS AS - BRAGADO;DR MANUEL BELGRANO 1101;No aplica;10.26.5.171;;
I1295;B;Server;TELEG BS AS - LUJAN CDD;BME MITRE 571;I1295STM001;10.26.60.170;;
I1295;B;Impresora;TELEG BS AS - LUJAN CDD;BME MITRE 571;No aplica;10.26.60.171;;
I1302;B;Server;TELEG BS AS - CHACABUCO;JUAN B ALBERDI 100;I1302STM001;10.26.47.170;;
I1302;B;Impresora;TELEG BS AS - CHACABUCO;JUAN B ALBERDI 100;No aplica;10.26.47.171;;
I1304;B;Server;TELEG BS AS - TANDIL;9 DE JULIO 1008;I1304STM001;10.26.2.170;;
I1309;B;Server;TELEG BS AS - DOLORES;BUENOS AIRES 132;I1309STM001;10.26.53.170;;
I1309;B;Impresora;TELEG BS AS - DOLORES;BUENOS AIRES 132;No aplica;10.26.53.171;;
I1313;B;Server;TELEG BS AS - SAN CLEMENTE DEL TUYU;CALLE 4 2037;B7105ZAAU0001;10.26.28.170;;
I1313;B;Impresora;TELEG BS AS - SAN CLEMENTE DEL TUYU;CALLE 4 2037;No aplica;10.26.28.171;;
I1315;B;Server;TELEG BS AS - SANTA TERESITA;CALLE 37 226;I1315STM001;10.26.22.170;;
I1318;B;Server;TELEG BS AS - MAR DE AJO;ESPORA CORONEL DE MARINA TOMAS 55;B7109ZAAU0001;10.26.32.170;;
I1325;B;Server;TELEG BS AS - CHASCOMUS;DORREGO 211;I1325STM001;10.26.14.170;;
I1325;B;Impresora;TELEG BS AS - CHASCOMUS;DORREGO 211;No aplica;10.26.14.177;;
I1329;B;Server;TELEG BS AS - VILLA GESELL;BUENOS AIRES 762;I1329STM001;10.26.45.170;;
I1329;B;Impresora;TELEG BS AS - VILLA GESELL;BUENOS AIRES 762;No aplica;10.26.45.181;;
I1330;B;Server;TELEG BS AS - PINAMAR;ENEAS 51;I1330STM001;10.26.20.170;;
I1340;B;Server;TELEG BS AS - SALADILLO;AV B RIVADAVIA 1101;I1340STM001;10.26.56.170;;
I1343;B;Server;TELEG BS AS - AZUL;IRIGOYEN 549;I1343STM001;10.26.4.170;;
I1347;B;Server;TELEG BS AS - OLAVARRIA;GRAL PAZ 2973;I1347STM001;10.26.3.170;;
I1351;B;Server;TELEG BS AS - TRES ARROYOS;AV MORENO 218;I1351STM001;10.26.48.170;;
I1351;B;Impresora;TELEG BS AS - TRES ARROYOS;AV MORENO 218;No aplica;10.26.48.180;;
I1363;B;Server;TELEG BS AS - MAR DEL PLATA;AV PEDRO LURO 2460;I1363STM001;10.22.66.170;;
I1363;B;Impresora;TELEG BS AS - MAR DEL PLATA;AV PEDRO LURO 2460;No aplica;10.22.66.171;;
I1366;B;Server;TELEG BS AS - MAR DEL PLATA CDD 2;GRAL SIMON BOLIVAR 6038;I1366STM001;10.22.69.170;;
I1373;B;Server;TELEG BS AS - MIRAMAR;CALLE 17 - 1602;I1373STM001;10.26.62.170;;
I1373;B;Impresora;TELEG BS AS - MIRAMAR;CALLE 17 - 1602;No aplica;10.26.62.171;;
I1377;B;Server;TELEG BS AS - NECOCHEA;AV 58 3088;I1377STM001;10.26.63.170;;
I1377;B;Impresora;TELEG BS AS - NECOCHEA;AV 58 3088;No aplica;10.26.63.171;;
I1381;B;Server;TELEG BS AS - BAHIA BLANCA;MORENO 34;I1381STM001;10.21.66.174;;
I1391;B;Server;TELEG BS AS - INGENIERO WHITE;GRAL M BELGRANO 3654;I1391STM001;10.26.67.170;;
I1391;B;Impresora;TELEG BS AS - INGENIERO WHITE;GRAL M BELGRANO 3654;No aplica;10.26.67.171;;
I1447;B;Server;TELEG BS AS - CAMPANA;SAN MARTIN 274;I1447STM001;10.26.35.170;;
I1447;B;Impresora;TELEG BS AS - CAMPANA;SAN MARTIN 274;No aplica;10.26.35.171;;
I1456;B;Server;TELEG BS AS - MORON;PTE D F SARMIENTO 1035;B1708ZAAU0001;10.245.79.170;;
I1463;C;Server;TELEG CF - CDD 6;AV JUAN B ALBERDI 3177;I1463STM0001;10.30.160.170;;
I1463;C;Impresora;TELEG CF - CDD 6;AV JUAN B ALBERDI 3177;No aplica;10.30.160.171;;
I1464;C;Server;TELEG CF - CDD 28;AV CABILDO 2349;I1464STM001;10.30.90.170;;
I1465;C;Server;TELEG CF - CDD 39;AV JUAN B ALBERDI 5924;I1938STM001;10.30.74.180;Ref: SD0224106 / IM0231633. Debido al traslado del CDD 39 para la integración con el CDD 40. Esta terminal seguirá operando con rango IP de CDD 40 pero funcionará como oficina independiente, no como cliente.;
I1484;C;Server;TELEG BS AS - ITIM;SANTIAGO DEL ESTERO 1167;I1484STM002;10.30.134.243;;
I1485;C;Server;TELEG CF - SIT 1;AV SAN JUAN 1349;C1000ZAAW0534;10.30.136.232;;
I1486;C;Server;TELEG CF - SIT 2;AV SAN JUAN 1349;C1000ZAAW0511;10.30.136.233;;
I1487;C;Server;TELEG CF - SIT 3;AV SAN JUAN 1349;b1842zacs0162;10.1.10.154;;
I1491;C;Server;TELEG BAIRES I;AV. SAN JUAN 1349;I1491STM001;10.30.136.227;;
I1491;C;Impresora;TELEG BAIRES I;AV. SAN JUAN 1349;No aplica;10.30.136.207;;
I1508;C;Server;TELEG CF - BAIRESD;TTE GRAL JUAN D PERON 321;C1000ZAAU0085;10.30.81.133;;
I1508;C;Impresora;TELEG CF - BAIRESD;TTE GRAL JUAN D PERON 321;No aplica;10.30.81.137;;
I1509;C;Server;TELEG CF - BAIRESD 1;TTE GRAL JUAN D PERON 321;C1000ZAAU0087;10.30.81.131;;
I1781;B;Server;TELEG BS AS - BAHIA BLANCA I;MORENO 34;I1781STM001;10.21.66.170;;
I1908;C;Server;TELEG CF - SUC 7;AV CARRASCO 31;I1908STM001;10.30.99.170;;
I1913;C;Server;TELEG CDD 12 BAIRES CF;AV PUEYRREDON 1352;C118ZABU0001;10.30.88.170;;
I1916;C;Server;TELEG CF - CDD 16;AV SAN MARTIN 2710;I1916STM001;10.30.75.170;;
I1916;C;Impresora;TELEG CF - CDD 16;AV SAN MARTIN 2710;No aplica;10.30.75.171;;
I1922;C;Server;TELEG CF - CDD 23;AV SAN JUAN 3001;I1922STM001;10.30.23.170;;
I1922;C;Impresora;TELEG CF - CDD 23;AV SAN JUAN 3001;No aplica;10.30.23.172;;
I1923;C;Server;TELEG CF - SUC24;AV SAN JUAN 1349;I1923STM001;10.30.98.170;;
I1929;C;Server;TELEG BS AS - CDD 30;AV MONROE 3390;C1430ZAAU0001;10.30.105.170;;
I1929;C;Impresora;TELEG BS AS - CDD 30;AV MONROE 3390;No aplica;10.30.105.171;;
I1935;B;Server;TELEG BS AS - SUC 37;AV DEL BARCO CENTENERA 2933 ESQUINA CORRALES;I1935STM001;10.30.112.170;;
I1938;C;Server;TELEG BS AS - CDD 40;AV JUAN B ALBERDI 5924;C1440ZAAU0001;10.30.74.170;;
I1938;C;Impresora;TELEG BS AS - CDD 40;AV JUAN B ALBERDI 5924;No aplica;10.30.74.171;Sin conexión;
I1963;K;Server;TELEG CATAMARCA - SANTA MARIA;DR T DE LA QUINTANA 10;I1963STM001;10.100.67.170;;
I1963;K;Impresora;TELEG CATAMARCA - SANTA MARIA;DR T DE LA QUINTANA 10;No aplica;10.100.67.180;;
I1967;K;Server;TELEG CATAMARCA 1;SAN MARTIN 761;I1967STM001;10.100.66.30;;
I2003;H;Server;TELEG CHACO - RESISTENCIA;AV SARMIENTO 102;I2003STM001;10.80.66.170;;
I2003;H;Impresora;TELEG CHACO - RESISTENCIA;AV SARMIENTO 102;No aplica;10.80.66.180;;
I2019;H;Server;TELEG CHACO - VILLA ANGELA;1 DE MAYO 199;H3540ZAAU0002;10.80.68.170;;
I2019;H;Impresora;TELEG CHACO - VILLA ANGELA;1 DE MAYO 199;No aplica;10.80.68.171;;
I2020;H;Server;TELEG CHACO - ROQUE SAENZ PEŃA;BELGRANO DOCTOR MANUEL 601;I2020STM001;10.80.67.170;;
I2031;U;Server;TELEG CHUBUT - COMODORO RIVADAVIA;SAN MARTIN 180;I2031STM001;10.190.66.170;Ref: SD0273923. La PC se encuentra averiada y necesita de la asistencia de un técnico. Se realizó un desvío telegráfico.;
I2031;U;Impresora;TELEG CHUBUT - COMODORO RIVADAVIA;SAN MARTIN 180;No aplica;10.190.66.173;;
I2031;U;Impresora;TELEG CHUBUT - COMODORO RIVADAVIA;SAN MARTIN 180;No aplica;10.190.66.174;;
I2041;U;Server;TELEG CHUBUT - SARMIENTO;AV ING CORONEL 307;I2041STM001;10.190.67.170;;
I2045;U;Server;TELEG CHUBUT - TRELEW;BME MITRE 315;I2045STM001;10.191.66.170;;
I2045;U;Impresora;TELEG CHUBUT - TRELEW;BME MITRE 315;No aplica;10.191.66.171;;
I2047;U;Server;TELEG CHUBUT - RAWSON;BERNARDO VACCHINA 22;I2047STM001;10.191.67.170;;
I2047;U;Impresora;TELEG CHUBUT - RAWSON;BERNARDO VACCHINA 22;No aplica;10.191.67.36;;
I2052;U;Server;TELEG CHUBUT - ESQUEL;AV ALVEAR 1192;I2052STM001;10.190.69.170;;
I2052;U;Impresora;TELEG CHUBUT - ESQUEL;AV ALVEAR 1192;No aplica;10.190.69.180;;
I2054;U;Server;TELEG CHUBUT - PUERTO MADRYN;GOBERNADOR ALEJANDRO MAIZ 293;I2054STM001;10.190.70.170;;
I2070;X;Server;TELEG CORDOBA;COLÓN 210;I2070STM001;10.220.66.170;;
I2083;X;Server;TELEG CORDOBA - CDD 2;AV JUAN B JUSTO 3948;I2083STM001;10.220.84.170;;
I2083;X;Impresora;TELEG CORDOBA - CDD 2;AV JUAN B JUSTO 3948;No aplica;10.220.84.171;;
I2092;X;Server;TELEG CORDOBA - SAN FRANCISCO;JUAN B ALBERDI 198;I2092STM001;10.220.86.170;;
I2092;X;Impresora;TELEG CORDOBA - SAN FRANCISCO;JUAN B ALBERDI 198;No aplica;10.220.86.171;;
I2105;X;Server;TELEG CORDOBA - BELL VILLE;CORDOBA 599;I2105STM001;10.222.67.170;;
I2105;X;Impresora;TELEG CORDOBA - BELL VILLE;CORDOBA 599;No aplica;10.222.67.171;;
I2143;X;Server;TELEG CORDOBA - VILLA CARLOS PAZ;SAN MARTIN 198;I2143STM001;10.220.72.170;;
I2143;X;Impresora;TELEG CORDOBA - VILLA CARLOS PAZ;SAN MARTIN 198;No aplica;10.220.72.171;;
I2149;X;Server;TELEG CORDOBA - COSQUIN;TUCUMAN 1069;I2149STM001;10.220.73.170;;
I2151;X;Server;TELEG CORDOBA - LA FALDA;AV ARGENTINA 184;I2151STM001;10.220.69.170;;
I2151;X;Impresora;TELEG CORDOBA - LA FALDA;AV ARGENTINA 184;No aplica;10.220.69.171;;
I2160;X;Server;TELEG CORDOBA - ALTA GRACIA;AV LIBERTADOR 577;I2160STM001;10.220.71.170;;
I2160;X;Impresora;TELEG CORDOBA - ALTA GRACIA;AV LIBERTADOR 577;No aplica;10.220.71.171;;
I2163;X;Server;TELEG CORDOBA - STA. ROSA DE CALAMUCHITA;EL NOGAL 170;I2163STM001;10.220.92.170;;
I2163;X;Impresora;TELEG CORDOBA - STA. ROSA DE CALAMUCHITA;EL NOGAL 170;No aplica;10.220.92.171;;
I2170;X;Server;TELEG CORDOBA - JESUS MARIA;SARMIENTO 15;I2170STM001;10.220.68.170;;
I2170;X;Impresora;TELEG CORDOBA - JESUS MARIA;SARMIENTO 15;No aplica;10.220.68.171;;
I2178;X;Server;TELEG CORDOBA - CRUZ DEL EJE;PTE M T DE ALVEAR 403;I2178STM001;10.220.91.170;;
I2185;X;Server;TELEG CORDOBA - RIO CUARTO;GRAL PAZ 624;I2185STM001;10.221.66.170;;
I2185;X;Impresora;TELEG CORDOBA - RIO CUARTO;GRAL PAZ 624;No aplica;10.221.66.171;;
I2205;X;Server;TELEG CORDOBA - RIO TERCERO;INTE DE BUONO 81;I2205STM001;10.220.88.170;;
I2205;X;Impresora;TELEG CORDOBA - RIO TERCERO;INTE DE BUONO 81;No aplica;10.220.88.171;;
I2211;X;Server;TELEG CORDOBA - VILLA DOLORES;ITALIA 299;I2211STM001;10.220.70.170;;
I2211;X;Impresora;TELEG CORDOBA - VILLA DOLORES;ITALIA 299;No aplica;10.220.70.171;;
I2217;X;Server;TELEG CORDOBA - VILLA MARIA;CATAMARCA 1190;I2217STM001;10.222.66.170;;
I2251;X;Server;TELEG CORDOBA - LABOULAYE;AV INDEPENDENCIA 266;I2251STM001;10.220.90.170;;
I2251;X;Impresora;TELEG CORDOBA - LABOULAYE;AV INDEPENDENCIA 266;No aplica;10.220.90.171;;
I2291;X;Server;TELEG CORDOBA - MARCOS JUAREZ;AV L N ALEM 352;I2291STM001;10.222.68.170;;
I2291;X;Impresora;TELEG CORDOBA - MARCOS JUAREZ;AV L N ALEM 352;No aplica;10.222.68.171;;
I2301;W;Server;TELEG CORRIENTES - PASO DE LOS LIBRES;JUAN SITJANIN 998;I2301STM001;10.210.74.170;No responde por WebTeleg ni figura en inventario. Ref: SD0280395 donde se informa que la PC tuvo un problema y por el momento la oficina no está funcionando. Se ha realizado un desvío telegráfico.;
I2313;W;Server;TELEG CORRIENTES;SAN JUAN 1098;I2313STM001;10.210.66.170;;
I2313;W;Impresora;TELEG CORRIENTES;SAN JUAN 1098;No aplica;10.210.66.172;;
I2313;W;Impresora;TELEG CORRIENTES;SAN JUAN 1098;No aplica;10.210.66.175;;
I2326;W;Server;TELEG CORRIENTES - SALADAS;FLORIDA 601;I2326STM001;10.210.70.170;;
I2328;W;Server;TELEG CORRIENTES - BELLA VISTA;CORRIENTES 689;I2328STM001;10.210.76.170;;
I2332;W;Server;TELEG CORRIENTES - GOYA;GRAL M BELGRANO 942;I2332STM001;10.210.67.170;;
I2332;W;Impresora;TELEG CORRIENTES - GOYA;GRAL M BELGRANO 942;No aplica;10.210.67.171;;
I2334;W;Server;TELEG CORRIENTES - CURUZU CUATIA;BERON DE ASTRADA 999;W3460ZAAU0002;10.210.68.170;;
I2337;W;Server;TELEG CORRIENTES - MERCEDES;RIVADAVIA 599;I2337STM001;10.210.69.170;;
I2337;W;Impresora;TELEG CORRIENTES - MERCEDES;RIVADAVIA 599;No aplica;10.210.69.180;;
I2349;E;Server;TELEG ENTRE RIOS - GUALEGUAYCHU;URQUIZA 1036;I2349STM001;10.50.79.170;;
I2349;E;Impresora;TELEG ENTRE RIOS - GUALEGUAYCHU;URQUIZA 1036;No aplica;10.50.79.180;;
I2350;E;Server;TELEG ENTRE RIOS - GUALEGUAY;GRAL J J DE URQUIZA 128;I2350STM001;10.50.82.170;;
I2350;E;Impresora;TELEG ENTRE RIOS - GUALEGUAY;GRAL J J DE URQUIZA 128;No aplica;10.50.82.180;;
I2361;E;Server;TELEG ENTRE RIOS - ROSARIO DEL TALA;PTE H YRIGOYEN 88;I2361STM001;10.50.69.170;;
I2361;E;Impresora;TELEG ENTRE RIOS - ROSARIO DEL TALA;PTE H YRIGOYEN 88;No aplica;10.50.69.180;;
I2364;E;Server;TELEG ENTRE RIOS - LA PAZ;9 DE JULIO 1117;I2364STM001;10.50.67.170;;
I2364;E;Impresora;TELEG ENTRE RIOS - LA PAZ;9 DE JULIO 1117;No aplica;10.50.67.150;;
I2365;E;Server;TELEG ENTRE RIOS - CONCORDIA;PTE H YRIGOYEN 575;I2365STM001;10.52.66.170;;
I2376;E;Server;TELEG ENTRE RIOS - CHAJARI;URQUIZA 1240;I2376STM001;10.50.80.170;;
I2376;E;Impresora;TELEG ENTRE RIOS - CHAJARI;URQUIZA 1240;No aplica;10.50.80.171;;
I2377;E;Server;TELEG ENTRE RIOS - VILLAGUAY;DR MARIANO MORENO 921;I2377STM001;10.50.71.170;;
I2377;E;Impresora;TELEG ENTRE RIOS - VILLAGUAY;DR MARIANO MORENO 921;No aplica;10.50.71.150;;
I2381;E;Server;TELEG ENTRE RIOS - CONCEPCION DEL URUGUAY;GALARZA 712;I2381STM001;10.55.66.170;;
I2381;E;Impresora;TELEG ENTRE RIOS - CONCEPCION DEL URUGUAY;GALARZA 712;No aplica;10.55.66.171;;
I2387;E;Server;TELEG ENTRE RIOS - NOGOYA;9 DE JULIO 701;I2387STM001;10.50.70.170;;
I2387;E;Impresora;TELEG ENTRE RIOS - NOGOYA;9 DE JULIO 701;No aplica;10.50.70.180;;
I2412;E;Server;TELEG ENTRE RIOS - PARANA;25 DE MAYO 102;I2412STM001;10.50.66.170;;
I2412;E;Impresora;TELEG ENTRE RIOS - PARANA;25 DE MAYO 102;No aplica;10.50.66.180;;
I2425;P;Server;TELEG FORMOSA;AV 9 DE JULIO 920;I2425STM001;10.140.66.170;;
I2425;P;Cliente;TELEG FORMOSA;AV 9 DE JULIO 920;I2425STM002;10.140.66.171;;
I2425;P;Impresora;TELEG FORMOSA;AV 9 DE JULIO 920;No aplica;10.140.66.172;;
I2425;P;Impresora;TELEG FORMOSA;AV 9 DE JULIO 920;No aplica;10.140.66.180;;
I2432;P;Server;TELEG FORMOSA - CLORINDA;JOSE FERNANDEZ CANCIO 1401;I2432STM001;10.140.67.170;;
I2432;P;Impresora;TELEG FORMOSA - CLORINDA;JOSE FERNANDEZ CANCIO 1401;No aplica;10.140.67.150;;
I2442;Y;Server;TELEG JUJUY - SAN PEDRO;SARMIENTO 280;I2442STM001;10.230.70.170;;
I2442;Y;Impresora;TELEG JUJUY - SAN PEDRO;SARMIENTO 280;No aplica;10.230.70.171;;
I2444;Y;Server;TELEG JUJUY - LIBERTADOR GRAL SAN MARTIN;MANUEL BELGRANO 495;I2444STM001;10.230.69.170;;
I2444;Y;Impresora;TELEG JUJUY - LIBERTADOR GRAL SAN MARTIN;MANUEL BELGRANO 495;No aplica;10.230.69.180;;
I2450;Y;Server;TELEG JUJUY - SAN SALVADOR DE JUJUY;GUAYAQUILL N° 121;I2450STM001;10.230.71.170;;
I2450;Y;Impresora;TELEG JUJUY - SAN SALVADOR DE JUJUY;GUAYAQUILL N° 121;No aplica;10.230.71.180;;
I2473;Y;Server;TELEG JUJUY - LA QUIACA;AV SARMIENTO 207;I2473STM001;10.230.73.170;;
I2473;Y;Impresora;TELEG JUJUY - LA QUIACA;AV SARMIENTO 207;No aplica;10.230.73.180;;
I2484;L;Server;TELEG LA PAMPA - SANTA ROSA;B RIVADAVIA 202;I2484STM001;10.110.66.170;;
I2484;L;Impresora;TELEG LA PAMPA - SANTA ROSA;B RIVADAVIA 202;No aplica;10.110.66.180;;
I2501;L;Server;TELEG LA PAMPA - GENERAL PICO;CALLE 22 653;I2501STM001;10.110.67.170;;
I2501;L;Impresora;TELEG LA PAMPA - GENERAL PICO;CALLE 22 653;No aplica;10.110.67.171;;
I2527;F;Server;TELEG LA RIOJA - CHILECITO;JOAQUIN V GONZALEZ 201;F5360ZAAU0001;10.60.67.170;;
I2551;M;Server;TELEG MENDOZA;GRAL. JOSÉ DE SAN MARTÍN 678;M5500ZALU0001;10.120.66.170;;
I2551;M;Cliente;TELEG MENDOZA;GRAL. JOSÉ DE SAN MARTÍN 678;M5500ZALU0002;10.120.66.171;;
I2551;M;Cliente;TELEG MENDOZA;GRAL. JOSÉ DE SAN MARTÍN 678;M5500ZALU0003;10.120.66.172;;
I2551;M;Cliente;TELEG MENDOZA;GRAL. JOSÉ DE SAN MARTÍN 678;M5500ZALU0005;10.120.66.175;;
I2551;M;Cliente;TELEG MENDOZA;GRAL. JOSÉ DE SAN MARTÍN 678;M5500ZALU0007;10.120.66.177;;
I2551;M;Cliente;TELEG MENDOZA;GRAL. JOSÉ DE SAN MARTÍN 678;M5535ZAHU0001;10.120.66.178;;
I2551;M;Impresora;TELEG MENDOZA;GRAL. JOSÉ DE SAN MARTÍN 678;No aplica;10.120.66.173;;
I2561;M;Server;TELEG MENDOZA - GENERAL SAN MARTIN;25 DE MAYO 389;I2561STM001;10.120.68.173;;
I2573;M;Server;TELEG MENDOZA - SAN RAFAEL;SAN LORENZO 69;I2573STM001;10.120.81.170;;
I2573;M;Impresora;TELEG MENDOZA - SAN RAFAEL;SAN LORENZO 69;No aplica;10.120.81.180;;
I2574;M;Server;TELEG MENDOZA - VILLA NUEVA DE GUAYMALLEN;AV GRAL SAN MARTIN 678;M5535ZAHU0001;10.120.66.178;;
I2574;M;Impresora;TELEG MENDOZA - VILLA NUEVA DE GUAYMALLEN;AV GRAL SAN MARTIN 678;No aplica;10.120.66.68;;
I2581;M;Server;TELEG MENDOZA - GENERAL ALVEAR;AV ALVEAR 287;I2581STM001;10.120.76.170;;
I2581;M;Impresora;TELEG MENDOZA - GENERAL ALVEAR;AV ALVEAR 287;No aplica;10.120.76.180;;
I2582;M;Server;TELEG MENDOZA - GODOY CRUZ;AV PTO FRANCISCO P MORENO 1850;M5501ZAAU0001;10.120.67.170;;
I2582;M;Impresora;TELEG MENDOZA - GODOY CRUZ;AV PTO FRANCISCO P MORENO 1850;No aplica;10.120.67.171;;
I2586;M;Server;TELEG MENDOZA - LUJAN DE CUYO;ALCIDES GUIŃAZU 450;I2586STM001;10.120.75.170;;
I2586;M;Impresora;TELEG MENDOZA - LUJAN DE CUYO;ALCIDES GUIŃAZU 450;No aplica;10.120.75.171;;
I2590;M;Server;TELEG MENDOZA - MAIPU;MANUEL BELGRANO 359;I2590STM001;10.120.70.170;;
I2590;M;Impresora;TELEG MENDOZA - MAIPU;MANUEL BELGRANO 359;No aplica;10.120.70.171;;
I2602;M;Server;TELEG MENDOZA - TUNUYAN;PTE H YRIGOYEN 721;I2602STM001;10.120.73.170;;
I2602;M;Impresora;TELEG MENDOZA - TUNUYAN;PTE H YRIGOYEN 721;No aplica;10.120.73.171;;
I2610;M;Server;TELEG MENDOZA - LAS HERAS;AV SAN MARTIN 715;I2610STM001;10.120.66.4;;
I2613;N;Server;TELEG MISIONES - POSADAS;AVDA. COMANDANTE ANDRESITO 3379;I2613STM001;10.130.66.170;;
I2613;N;Impresora;TELEG MISIONES - POSADAS;AVDA. COMANDANTE ANDRESITO 3379;No aplica;10.130.66.174;;
I2622;N;Server;TELEG MISIONES - JARDIN AMERICA;AV ARGENTINA 650;I2622STM001;10.130.70.170;;
I2622;N;Impresora;TELEG MISIONES - JARDIN AMERICA;AV ARGENTINA 650;No aplica;10.130.70.171;HP 4103. Sin funcionar a la espera de tóner.;
I2622;N;Impresora;TELEG MISIONES - JARDIN AMERICA;AV ARGENTINA 650;No aplica;10.130.70.172;HP 426. Por el momento se utiliza ya que la original no tiene tóner.;
I2624;N;Server;TELEG MISIONES - APOSTOLES;AV SARMIENTO 334;I2624STM001;10.130.69.170;;
I2624;N;Impresora;TELEG MISIONES - APOSTOLES;AV SARMIENTO 334;No aplica;10.130.69.171;;
I2629;N;Server;TELEG MISIONES - OBERA;SANTA FE 205;I2629STM001;10.130.68.170;;
I2629;N;Impresora;TELEG MISIONES - OBERA;SANTA FE 205;No aplica;10.130.68.180;;
I2635;N;Server;TELEG MISIONES - IGUAZU;SAN MARTIN 784;I2635STM001;10.130.74.170;;
I2635;N;Impresora;TELEG MISIONES - IGUAZU;SAN MARTIN 784;No aplica;10.130.74.171;;
I2648;N;Server;TELEG MISIONES - EL DORADO;AV GRAL SAN MARTIN 1690;I2648STM001;10.130.75.170;;
I2659;Q;Server;TELEG NEUQUEN;SANTA FE 101;Q8300ZAAU0070;10.150.66.170;;
I2659;Q;Impresora;TELEG NEUQUEN;SANTA FE 101;No aplica;10.150.66.49;;
I2660;Q;Server;TELEG NEUQUEN - CENTENARIO;SAN MARTIN 370;I2660SMT001;10.150.69.170;;
I2660;Q;Impresora;TELEG NEUQUEN - CENTENARIO;SAN MARTIN 370;No aplica;10.150.69.171;;
I2664;Q;Server;TELEG NEUQUEN - CUTRALCO;AV PTE GRAL JULIO A ROCA 660;I2664STM001;10.150.72.171;;
I2664;Q;Impresora;TELEG NEUQUEN - CUTRALCO;AV PTE GRAL JULIO A ROCA 660;No aplica;10.150.72.150;;
I2670;Q;Server;TELEG NEUQUEN - ZAPALA;AV SAN MARTIN 324;I2670STM001;10.150.73.170;;
I2670;Q;Impresora;TELEG NEUQUEN - ZAPALA;AV SAN MARTIN 324;No aplica;10.150.73.171;;
I2674;Q;Server;TELEG NEUQUEN - SAN MARTIN DE LOS ANDES;AV GABRIEL SAUREL 690;I2674STM001;10.150.71.170;;
I2674;Q;Impresora;TELEG NEUQUEN - SAN MARTIN DE LOS ANDES;AV GABRIEL SAUREL 690;No aplica;10.150.71.180;;
I2690;R;Server;TELEG RIO NEGRO - CINCO SALTOS;AV BLUMETTI 22;I2690STM001;10.150.68.170;;
I2690;R;Impresora;TELEG RIO NEGRO - CINCO SALTOS;AV BLUMETTI 22;No aplica;10.150.68.171;;
I2692;R;Server;TELEG RIO NEGRO - CIPOLETTI;TENIENTE 1RO IBAŃEZ 5;I2692STM001;10.160.70.170;;
I2692;R;Impresora;TELEG RIO NEGRO - CIPOLETTI;TENIENTE 1RO IBAŃEZ 5;No aplica;10.160.70.171;;
I2694;R;Server;TELEG RIO NEGRO - GENERAL ROCA;AV PTE GRAL JULIO A ROCA 1462;I2694STM001;10.160.74.170;;
I2694;R;Impresora;TELEG RIO NEGRO - GENERAL ROCA;AV PTE GRAL JULIO A ROCA 1462;No aplica;10.160.74.171;;
I2696;R;Server;TELEG RIO NEGRO - CHOELE CHOEL;AV GRAL SAN MARTIN 1298;I2696STM001;10.160.72.170;;
I2696;R;Impresora;TELEG RIO NEGRO - CHOELE CHOEL;AV GRAL SAN MARTIN 1298;No aplica;10.160.72.180;;
I2700;R;Server;TELEG RIO NEGRO - BARILOCHE;PTO FRANCISCO P MORENO 175;I2700STM001;10.160.73.170;;
I2707;R;Server;TELEG RIO NEGRO - EL BOLSON;AV SAN MARTIN 2860;I2707STM001;10.160.69.170;;
I2707;R;Impresora;TELEG RIO NEGRO - EL BOLSON;AV SAN MARTIN 2860;No aplica;10.160.69.171;;
I2708;R;Server;TELEG RIO NEGRO - VIEDMA;B RIVADAVIA 151;I2708STM001;10.160.66.170;;
I2708;R;Impresora;TELEG RIO NEGRO - VIEDMA;B RIVADAVIA 151;No aplica;10.160.66.171;;
I2712;R;Server;TELEG RIO NEGRO - SAN ANTONIO OESTE;ALTE G BROWN 305;I2712STM001;10.160.71.170;;
I2712;R;Impresora;TELEG RIO NEGRO - SAN ANTONIO OESTE;ALTE G BROWN 305;No aplica;10.160.71.171;;
I2714;R;Server;TELEG RIO NEGRO - VILLA REGINA;DOMINGO SARMIENTO 98;I2714STM001;10.160.68.170;;
I2714;R;Impresora;TELEG RIO NEGRO - VILLA REGINA;DOMINGO SARMIENTO 98;No aplica;10.160.68.171;;
I2725;A;Server;TELEG SALTA;GREGORIO DEAN FUNES 160;I2725STM001;10.10.66.170;;
I2725;A;Cliente;TELEG SALTA;GREGORIO DEAN FUNES 160;I2725STM003;10.10.66.173;;
I2725;A;Impresora;TELEG SALTA;GREGORIO DEAN FUNES 160;No aplica;10.10.66.114;;
I2739;A;Server;TELEG SALTA - GENERAL GUEMES;DR DOMINGO CABRED 201;I2739STM001;10.10.70.170;;
I2739;A;Impresora;TELEG SALTA - GENERAL GUEMES;DR DOMINGO CABRED 201;No aplica;10.10.70.171;;
I2742;A;Server;TELEG SALTA - METAN;CAP JOSE I SIERRA 358;I2742STM001;10.10.69.170;;
I2742;A;Impresora;TELEG SALTA - METAN;CAP JOSE I SIERRA 358;No aplica;10.10.69.171;;
I2747;A;Server;TELEG SALTA - SAN RAMON DE LA NUEVA ORAN;AV VICENTE LOPEZ Y PLANES 402;I2747STM001;10.10.75.170;;
I2747;A;Impresora;TELEG SALTA - SAN RAMON DE LA NUEVA ORAN;AV VICENTE LOPEZ Y PLANES 402;No aplica;10.10.75.140;;
I2754;A;Server;TELEG SALTA - TARTAGAL;GRAL MARTIN M GUEMES 501;I2754STM001;10.10.76.170;;
I2754;A;Impresora;TELEG SALTA - TARTAGAL;GRAL MARTIN M GUEMES 501;No aplica;10.10.76.171;;
I2768;J;Server;TELEG SAN JUAN V;AV JOSE I DE LA ROZA 259;I2768STM001;10.90.66.170;;
I2768;J;Impresora;TELEG SAN JUAN V;AV JOSE I DE LA ROZA 259;No aplica;10.90.66.171;;
I2782;J;Server;TELEG SAN JUAN - VILLA KRAUSE;AV ESPAŃA 446;I2782STM001;10.90.67.171;;
I2782;J;Impresora;TELEG SAN JUAN - VILLA KRAUSE;AV ESPAŃA 446;No aplica;10.90.67.172;;
I2790;J;Server;TELEG SAN JUAN - JACHAL;SAN MARTIN 493;I2790STM001;10.90.68.170;;
I2799;D;Server;TELEG SAN LUIS V SL;SAN MARTIN 801;I2799STM001;10.40.66.170;;
I2799;D;Impresora;TELEG SAN LUIS V SL;SAN MARTIN 801;No aplica;10.40.66.172;;
I2799;D;Impresora;TELEG SAN LUIS V SL;SAN MARTIN 801;No aplica;10.40.66.173;;
I2807;D;Server;TELEG SAN LUIS - VILLA MERCEDES;GUILLET LEON 31;I2807STM001;10.40.84.170;;
I2807;D;Impresora;TELEG SAN LUIS - VILLA MERCEDES;GUILLET LEON 31;No aplica;10.40.84.171;;
I2831;Z;Server;TELEG SANTA CRUZ - CALETA OLIVIA;PTE H YRIGOYEN 194;I2831STM001;10.240.71.170;;
I2831;Z;Impresora;TELEG SANTA CRUZ - CALETA OLIVIA;PTE H YRIGOYEN 194;I2831STM001;10.240.71.171;;
I2833;Z;Server;TELEG SANTA CRUZ - PICO TRUNCADO;AV B RIVADAVIA 455;I2833STM001;10.240.68.170;;
I2833;Z;Impresora;TELEG SANTA CRUZ - PICO TRUNCADO;AV B RIVADAVIA 455;No aplica;10.240.68.171;;
I2834;Z;Server;TELEG SANTA CRUZ - LAS HERAS;SAN MARTIN 300;Z9017ZAAU0070;10.240.74.170;;
I2834;Z;Impresora;TELEG SANTA CRUZ - LAS HERAS;SAN MARTIN 300;No aplica;10.240.74.171;;
I2837;Z;Server;TELEG SANTA CRUZ - PUERTO DESEADO;GRAL SAN MARTIN 1075;I2837STM001;10.240.77.170;;
I2837;Z;Impresora;TELEG SANTA CRUZ - PUERTO DESEADO;GRAL SAN MARTIN 1075;No aplica;10.240.77.151;;
I2839;Z;Server;TELEG SANTA CRUZ - COMANDANTE LUIS PIEDRA BUENA;AV JORGE IBAŃEZ 374;I2839STM001;10.240.73.170;;
I2839;Z;Impresora;TELEG SANTA CRUZ - COMANDANTE LUIS PIEDRA BUENA;AV JORGE IBAŃEZ 374;No aplica;10.240.73.180;;
I2840;Z;Server;TELEG SANTA CRUZ - PUERTO SAN JULIAN;AV GRAL SAN MARTIN 155;Z9310ZAAU0070;10.240.75.170;;
I2840;Z;Impresora;TELEG SANTA CRUZ - PUERTO SAN JULIAN;AV GRAL SAN MARTIN 155;No aplica;10.240.75.171;;
I2842;Z;Server;TELEG SANTA CRUZ - RIO GALLEGOS;PDTE. DR. NESTOR KIRCHNER 893;I2842STM001;10.240.66.170;;
I2842;Z;Impresora;TELEG SANTA CRUZ - RIO GALLEGOS;PDTE. DR. NESTOR KIRCHNER 893;No aplica;10.240.66.172;;
I2845;Z;Server;TELEG SANTA CRUZ - RIO TURBIO;AV DE LOS MINEROS 494;Z9407ZAAU0070;10.240.72.170;;
I2845;Z;Impresora;TELEG SANTA CRUZ - RIO TURBIO;AV DE LOS MINEROS 494;No aplica;10.240.72.171;;
I2853;Z;Server;TELEG SANTA CRUZ - CALAFATE;AV DEL LIB G SAN MARTIN 201;I2853STM001;10.240.70.170;;
I2853;Z;Impresora;TELEG SANTA CRUZ - CALAFATE;AV DEL LIB G SAN MARTIN 201;No aplica;10.240.70.171;;
I2854;S;Server;TELEG SANTA FE - ROSARIO;CÓRDOBA 721;I2854STM001;10.170.66.170;;
I2854;S;Cliente;TELEG SANTA FE - ROSARIO;CÓRDOBA 721;S2000ZAIU0002;10.170.66.171;;
I2854;S;Cliente;TELEG SANTA FE - ROSARIO;CÓRDOBA 721;S2000ZAIU0004;10.170.66.173;;
I2854;S;Cliente;TELEG SANTA FE - ROSARIO;CÓRDOBA 721;S2000ZAIU0016;10.170.66.175;;
I2854;S;Cliente;TELEG SANTA FE - ROSARIO;CÓRDOBA 721;S2000ZAIU0007;10.170.66.177;;
I2854;S;Cliente;TELEG SANTA FE - ROSARIO;CÓRDOBA 721;S2000ZAIU0008;10.170.66.178;;
I2854;S;Cliente;TELEG SANTA FE - ROSARIO;CÓRDOBA 721;S2000ZAIU0009;10.170.66.179;;
I2854;S;Impresora;TELEG SANTA FE - ROSARIO;CÓRDOBA 721;No aplica;10.170.66.133;;
I2854;S;Impresora;TELEG SANTA FE - ROSARIO;CÓRDOBA 721;No aplica;10.170.66.181;;
I2863;S;Server;TELEG ROSARIO - CDD 2;JUAN JOSE PASO 1502;I2863STM001;10.170.78.170;;
I2863;S;Impresora;TELEG ROSARIO - CDD 2;JUAN JOSE PASO 1502;No aplica;10.170.78.171;Sin conexión;
I2864;S;Server;TELEG ROSARIO - CDD 3;AYACUCHO BATALLA DE 5516;I2864STM001;10.170.79.170;;
I2864;S;Impresora;TELEG ROSARIO - CDD 3;AYACUCHO BATALLA DE 5516;No aplica;10.170.79.198;;
I2870;S;Server;TELEG CDD 4 Rosario SF;PENDIENTE DE MUDANZA - DESVIÓ TELEGRAFICO AL CDD5 ;I2870STM001;10.170.81.170;No responde por WebTeleg y no figura en inventario. Ref: IM0231677. Debido a la mudanza de CDD 4 Rosario hacia CDD 5 Rosario y por falta de espacio para colocar la terminal de telegrafía, fue necesario darla de baja.;
I2871;S;Server;TELEG ROSARIO - CDD 5;MENDOZA 5011;I2871STM001;10.170.84.170;;
I2871;S;Impresora;TELEG ROSARIO - CDD 5;MENDOZA 5011;No aplica;10.170.84.180;;
I2884;S;Server;TELEG SANTA FE - VILLA GOBERNADOR GALVEZ;AV FILIPPINI 1972;I2884STM001;10.170.71.170;;
I2884;S;Impresora;TELEG SANTA FE - VILLA GOBERNADOR GALVEZ;AV FILIPPINI 1972;No aplica;10.170.71.171;;
I2885;S;Server;TELEG SANTA FE - ARROYO SECO;MANSUETO MAIORANO 530;I2885STM001;10.170.72.170;;
I2885;S;Impresora;TELEG SANTA FE - ARROYO SECO;MANSUETO MAIORANO 530;No aplica;10.170.72.171;;
I2889;S;Server;TELEG SANTA FE - CAŃADA DE GOMEZ;DOMINGO SARMIENTO 96;I2889STM001;10.170.67.170;;
I2889;S;Impresora;TELEG SANTA FE - CAŃADA DE GOMEZ;DOMINGO SARMIENTO 96;No aplica;10.170.67.180;;
I2895;S;Server;TELEG SANTA FE - GRANADERO BAIGORRIA;CORRIENTES 1090;I2895STM001;10.170.70.170;;
I2895;S;Impresora;TELEG SANTA FE - GRANADERO BAIGORRIA;CORRIENTES 1090;No aplica;10.170.70.180;;
I2898;S;Server;TELEG SANTA FE - CASILDA;DR LISANDRO DE LA TORRE 2379;I2898STM001;10.170.68.170;;
I2898;S;Impresora;TELEG SANTA FE - CASILDA;DR LISANDRO DE LA TORRE 2379;No aplica;10.170.68.171;Sin conexión;
I2906;S;Server;TELEG SANTA FE - SAN LORENZO;AV GRAL SAN MARTIN 1202;I2906STM001;10.170.85.170;;
I2919;S;Server;TELEG SANTA FE - GALVEZ;MANUEL BELGRANO 735;I2919STM001;10.171.74.170;;
I2919;S;Impresora;TELEG SANTA FE - GALVEZ;MANUEL BELGRANO 735;No aplica;10.171.74.171;;
I2924;S;Server;TELEG SANTA FE - RAFAELA;GRAL ALVEAR 58;I2924STM001;10.170.95.170;;
I2924;S;Impresora;TELEG SANTA FE - RAFAELA;GRAL ALVEAR 58;No aplica;10.170.95.171;;
I2924;S;Impresora;TELEG SANTA FE - RAFAELA;GRAL ALVEAR 58;No aplica;10.170.95.181;;
I2932;S;Server;TELEG SANTA FE - SUNCHALES;AV MANUEL BELGRANO 192;I2932STM001;10.170.97.170;;
I2932;S;Impresora;TELEG SANTA FE - SUNCHALES;AV MANUEL BELGRANO 192;No aplica;10.170.97.180;;
I2934;S;Server;TELEG SANTA FE - CERES;L N ALEM 146;I2934STM001;10.171.72.170;;
I2934;S;Impresora;TELEG SANTA FE - CERES;L N ALEM 146;No aplica;10.171.72.171;;
I2961;S;Server;TELEG SANTA FE - VENADO TUERTO;SAAVEDRA 497;I2961STM001;10.170.99.170;;
I2961;S;Impresora;TELEG SANTA FE - VENADO TUERTO;SAAVEDRA 497;No aplica;10.170.99.25;;
I2972;S;Server;TELEG SANTA FE - FIRMAT;AV B RIVADAVIA 1235;I2972STM001;10.170.73.170;;
I2972;S;Impresora;TELEG SANTA FE - FIRMAT;AV B RIVADAVIA 1235;No aplica;10.170.73.171;;
I2985;S;Server;TELEG SANTA FE - VILLA CONSTITUCION;GRAL SAN MARTIN 802;I2985STM001;10.170.69.170;;
I2985;S;Impresora;TELEG SANTA FE - VILLA CONSTITUCION;GRAL SAN MARTIN 802;No aplica;10.170.69.175;;
I2988;S;Server;TELEG SANTA FE;MENDOZA 2430;I2988STM001;10.171.66.170;;
I2988;S;Cliente;TELEG SANTA FE;MENDOZA 2430;I2988STM002;10.171.66.171;;
I2988;S;Cliente;TELEG SANTA FE;MENDOZA 2430;I2988STM003;10.171.66.173;;
I2988;S;Cliente;TELEG SANTA FE;MENDOZA 2430;I2988STM004;10.171.66.172;;
I2988;S;Cliente;TELEG SANTA FE;MENDOZA 2430;I2988STM005;10.171.66.181;;
I2988;S;Impresora;TELEG SANTA FE;MENDOZA 2430;No aplica;10.171.66.176;;
I2997;S;Server;TELEG SANTA FE - CDD 3;GENERAL GREGORIO DE LAMADRID 7699;I2997STM001;10.171.67.170;;
I2997;S;Impresora;TELEG SANTA FE - CDD 3;GENERAL GREGORIO DE LAMADRID 7699;No aplica;10.171.67.174;;
I3007;S;Server;TELEG SANTA FE - SANTO TOME;AV EJERCITO ARGENTINO 3130;I3007STM001;10.171.87.170;;
I3007;S;Impresora;TELEG SANTA FE - SANTO TOME;AV EJERCITO ARGENTINO 3130;No aplica;10.171.87.171;;
I3032;S;Server;TELEG SANTA FE - ESPERANZA;GRAL SAN MARTIN 1231;I3032STM001;10.171.70.170;;
I3032;S;Impresora;TELEG SANTA FE - ESPERANZA;GRAL SAN MARTIN 1231;No aplica;10.171.70.180;;
I3037;S;Server;TELEG SANTA FE - RECONQUISTA;9 DE JULIO 745;I3037STM001;10.170.96.170;;
I3037;S;Impresora;TELEG SANTA FE - RECONQUISTA;9 DE JULIO 745;No aplica;10.170.96.171;;
I3044;S;Server;TELEG SANTA FE - RUFINO;CENTENARIO 298;S6100ZAAU0001;10.170.98.170;;
I3044;S;Impresora;TELEG SANTA FE - RUFINO;CENTENARIO 298;No aplica;10.170.98.171;;
I3068;G;Server;TELEG SANTIAGO DEL ESTERO - AŃATUYA;AV GRAL M BELGRANO 19;I3068STM001;10.70.70.170;;
I3068;G;Impresora;TELEG SANTIAGO DEL ESTERO - AŃATUYA;AV GRAL M BELGRANO 19;No aplica;10.70.70.171;;
I3070;G;Server;TELEG SANTIAGO DEL ESTERO;BUENOS AIRES 252;I3070STM001;10.70.66.170;;
I3070;G;Cliente;TELEG SANTIAGO DEL ESTERO;BUENOS AIRES 252;I3070STM002;10.70.66.172;;
I3070;G;Impresora;TELEG SANTIAGO DEL ESTERO;BUENOS AIRES 252;No aplica;10.70.66.171;;
I3074;G;Server;TELEG SANTIAGO DEL ESTERO - TERMAS DE RIO HONDO;AV JUAN B ALBERDI 766;I3074STM001;10.70.69.170;;
I3074;G;Impresora;TELEG SANTIAGO DEL ESTERO - TERMAS DE RIO HONDO;AV JUAN B ALBERDI 766;No aplica;10.70.69.180;;
I3080;G;Server;TELEG SGO DEL ESTERO - LA BANDA;BELGRANO MANUEL 261;I3080STM001;10.70.67.170;;
I3080;G;Impresora;TELEG SGO DEL ESTERO - LA BANDA;BELGRANO MANUEL 261;No aplica;10.70.67.171;;
I3106;V;Server;TELEG USHUAIA TFAIAS;AV GRAL SAN MARTIN 309;I3106STM001;10.200.66.170;;
I3106;V;Impresora;TELEG USHUAIA TFAIAS;AV GRAL SAN MARTIN 309;No aplica;10.200.66.171;;
I3109;V;Server;TELEG RIO GRANDE - TFAIAS;B RIVADAVIA 968;I3109STM001;10.200.67.170;;
I3109;V;Impresora;TELEG RIO GRANDE - TFAIAS;B RIVADAVIA 968;No aplica;10.200.67.171;;
I3130;T;Server;TELEG TUCUMAN - CONCEPCION;AVELLANEDA 305;I3130STM001;10.180.68.170;;
I3130;T;Impresora;TELEG TUCUMAN - CONCEPCION;AVELLANEDA 305;No aplica;10.180.68.20;;
I3157;X;Server;TELEG CORDOBA - CDD 4;CASTILLA 2719;I3157STM001;10.220.85.170;;
I3158;X;Server;TELEG CORDOBA CDD 5;ABEL CHANETON 12;I3158STM001;10.220.82.170;;
I3158;X;Impresora;TELEG CORDOBA CDD 5;ABEL CHANETON 12;No aplica;10.220.82.171;;
I3159;X;Server;TELEG CORDOBA - CDD 6;AV FUERZA AEREA ARG 2921;I3159STM001;10.220.67.170;;
I3159;X;Impresora;TELEG CORDOBA - CDD 6;AV FUERZA AEREA ARG 2921;No aplica;10.220.67.171;;
I3160;X;Server;TELEG CORDOBA - CDD 7;AV COLON 2445;I3160STM001;10.220.87.170;;
I3160;X;Impresora;TELEG CORDOBA - CDD 7;AV COLON 2445;No aplica;10.220.87.171;;
I3162;X;Server;TELEG CORDOBA - CDD 9;EMILIO PETTORUTI 2351;I3162STM001;10.220.89.170;;
I3162;X;Impresora;TELEG CORDOBA - CDD 9;EMILIO PETTORUTI 2351;No aplica;10.220.89.171;;
I3163;B;Server;TELEG BS AS - PUNTA ALTA;AVELLANEDA 602;I3163STM001;10.26.16.170;;
I3163;B;Impresora;TELEG BS AS - PUNTA ALTA;AVELLANEDA 602;No aplica;10.26.16.171;Sin conexión;
I3164;B;Server;TELEG BS AS - LOS POLVORINES;COMODORO RIVADAVIA 2645;B1613AVKU0001;10.245.101.170;;
I3724;C;Server;TELEG COORDINACION DE SERVICIOS;Desconocido;Desconocido;Desconocido;No responde por WebTeleg, no figura en inventario ni existen tickets.  - Consultar con NOYA;
I3890;X;Server;TELEG CORDOBA 1;AV COLON 210;I3890STM001;10.220.66.174;;
I3890;X;Cliente;TELEG CORDOBA 1;AV COLON 210;X5000ZANU0002;10.220.66.171;;
I3890;X;Cliente;TELEG CORDOBA 1;AV COLON 210;X5000ZANU0004;10.220.66.173;;
I3890;X;Cliente;TELEG CORDOBA 1;AV COLON 210;X5000ZANU0006;10.220.66.175;;
I3890;X;Cliente;TELEG CORDOBA 1;AV COLON 210;X5000ZANU0007;10.220.66.176;;
I3890;X;Impresora;TELEG CORDOBA 1;AV COLON 210;No aplica;10.220.66.178;;
I3890;X;Impresora;TELEG CORDOBA 1;AV COLON 210;No aplica;10.220.66.180;;
I3916;S;Server;TELEG SANTA FE - ROSARIO 1;CÓRDOBA 721;I3916STM001;10.170.66.176;;
I3916;S;Impresora;TELEG SANTA FE - ROSARIO 1;CÓRDOBA 721;No aplica;10.170.66.181;;
I5135;S;Server;TELEG SANTA FE - CDD;MENDOZA 2430;I5135STM001;10.171.66.174;;
I5135;S;Impresora;TELEG SANTA FE - CDD;MENDOZA 2430;No aplica;10.171.66.159;;
I5270;C;Server;TELEG AYUDA 1;AV. ANTARTIDA ARGENTINA 1100;C1000ZAAU0417;10.30.136.74;;
I5270;C;Impresora;TELEG AYUDA 1;AV. ANTARTIDA ARGENTINA 1100;No aplica;10.30.136.207;;
I5586;C;Server;TELEG SALON COMERCIAL CASA CENTRAL CF;TTE GRAL JUAN D PERON 321;I5586STM001;10.30.150.40;;
I5586;C;Impresora;TELEG SALON COMERCIAL CASA CENTRAL CF;TTE GRAL JUAN D PERON 321;No aplica;10.30.150.31;;
I5623;C;Server;TELEG BAIRESTF 1 CF;AV. SAN JUAN 1349;C1000ZAAU0441;10.30.136.221;;
I5623;C;Impresora;TELEG BAIRESTF 1 CF;AV. SAN JUAN 1349;No aplica;10.30.136.237;;
I5637;J;Server;TELEG SAN JUAN - CDD;AV JOSE I DE LA ROZA 259;I5637STM001;10.90.66.173;;
I5637;J;Impresora;TELEG SAN JUAN - CDD;AV JOSE I DE LA ROZA 259;No aplica;10.90.66.171;;
I5664;D;Server;TELEG CDD - SAN LUIS;SAN MARTIN 801;I5664STM001;10.40.66.171;;
I5664;D;Impresora;TELEG CDD - SAN LUIS;SAN MARTIN 801;No aplica;10.40.66.172;;
I5664;D;Impresora;TELEG CDD - SAN LUIS;SAN MARTIN 801;No aplica;10.40.66.173;;
I5711;T;Server;TELEG CTT - TUCUMAN;PROVINCIA DE CORDOBA 540;T4000ZAAU0069;10.180.66.170;;
I5711;T;Cliente;TELEG CTT - TUCUMAN;PROVINCIA DE CORDOBA 540;I5711STM002;10.180.66.171;;
I5711;T;Cliente;TELEG CTT - TUCUMAN;PROVINCIA DE CORDOBA 540;I5711STM003;10.180.66.87;;
I5711;T;Cliente;TELEG CTT - TUCUMAN;PROVINCIA DE CORDOBA 540;I5711STM004;10.180.66.140;;
I5711;T;Cliente;TELEG CTT - TUCUMAN;PROVINCIA DE CORDOBA 540;I5711STM005; 10.180.66.172;;
I5711;T;Impresora;TELEG CTT - TUCUMAN;PROVINCIA DE CORDOBA 540;No aplica;10.180.66.16;;
I5712;T;Server;TELEG TUCUMAN - CDD SAN MIGUEL DE TUCUMAN;Asuncion 955;I5712STM001;10.180.67.170;;
I5712;T;Impresora;TELEG TUCUMAN - CDD SAN MIGUEL DE TUCUMAN;Asuncion 955;No aplica;10.180.67.153;;
I5788;B;Server;TELEG BS AS - BERNAL CDD;AV LOS QUILMES 1938;B1876ZAAU0001;10.245.130.170;;
I5788;B;Impresora;TELEG BS AS - BERNAL CDD;AV LOS QUILMES 1938;No aplica;10.245.130.171;;
I5860;K;Server;TELEG CATAMARCA CDD;SAN MARTIN 761;I5860STM001;10.100.66.172;;
I5868;F;Server;TELEG CDD - LA RIOJA;AV PTE PERON 258;I5868STM001;10.60.66.170;;
I5878;B;Server;TELEG SISTEMA DE GIROS Y TRANSFERENCIA CF;AV FAIR 1101;B1842ZACS0227;10.1.12.248;;
I5924;B;Server;TELEG LA PLATA - CDD 4;CALLE 520 1422;I5924STM001;10.20.80.170;;
I5924;B;Impresora;TELEG LA PLATA - CDD 4;CALLE 520 1422;No aplica;10.20.80.171;;
I5926;C;Server;TELEG CF - CDD 5;ANTONIO MACHADO 649;I5926STM001;10.30.92.170;;
I5926;C;Impresora;TELEG CF - CDD 5;ANTONIO MACHADO 649;No aplica;10.30.92.171;;
I5928;C;Server;TELEG CF - CDD 34;SANTIAGO DEL ESTERO 1167;I5928STM001;10.30.136.204;;
I5936;B;Server;TELEG CDD - SAN VICENTE;9 DE JULIO 39;I5936STM001;10.26.74.170;;
I5936;B;Impresora;TELEG CDD - SAN VICENTE;9 DE JULIO 39;No aplica;10.26.74.171;;
I5997;C;Server;TELEG CALL CENTER GIROS;AV SAN JUAN 1349;I5997STM001;10.30.136.203;;
I6007;Q;Server;TELEG NEUQUEN V;SANTA FE 101;I6007STM001;10.150.66.173;;
I6009;X;Server;TELEG CORDOBA2 CBA;AV JUAN B JUSTO 3948;X5000ZAAU0201;10.220.66.160;;
I6009;X;Cliente;TELEG CORDOBA2 CBA;AV JUAN B JUSTO 3948;X5000ZAAU0202;10.220.66.161;;
I6009;X;Cliente;TELEG CORDOBA2 CBA;AV JUAN B JUSTO 3948;X5000ZAAU0203;10.220.66.162;;
I6009;X;Cliente;TELEG CORDOBA2 CBA;AV JUAN B JUSTO 3948;X5000ZAAU0205;10.220.66.18;;
I6009;X;Cliente;TELEG CORDOBA2 CBA;AV JUAN B JUSTO 3948;X5000ZANu0006;10.220.66.175;;
I6009;X;Impresora;TELEG CORDOBA2 CBA;AV JUAN B JUSTO 3948;No aplica;10.220.66.178;;
I6010;S;Server;TELEG SANTA FE - ROSARIO 2;CÓRDOBA 721;S2000ZAIU0008;10.170.66.178;;
I6028;C;Server;TELEG CF - CDD 17;HELGUERA 2901;C00172AAU0001;10.30.110.170;;
I6028;C;Impresora;TELEG CF - CDD 17;HELGUERA 2901;No aplica;10.30.110.171;;
I6029;C;Server;TELEG CF - CDD 27;VIRREY ARREDONDO 2959;I6029STM001;10.30.71.170;;
I6042;M;Server;TELEG MENDOZA 2;RODRIGUEZ PEŃA 3167;I6042STM001;10.120.66.174;;
I6088;C;Server;TELEG CF - SIT 4;AV SAN JUAN 1349;C1148ZABW0204;10.30.136.97;;
I6090;U;Server;TELEG COMODORO RIVADAVIA CTT CHT;SAN MARTIN 180;I6090STM001;10.190.66.171;;
I6091;B;Server;TELEG BS AS - MAR DEL PLATA CDD 3;GRAL M ACHA 350;I6091STM001;10.22.71.170;;
I6199;X;Server;TELEG CORDOBA - CDD 10;AV RAFAEL NUŃEZ 6235;I6199STM001;10.220.77.170;;
I6199;X;Impresora;TELEG CORDOBA - CDD 10;AV RAFAEL NUŃEZ 6235;No aplica;10.220.77.171;;
I6206;B;Server;TELEG SAN PEDRO CDD BA;RAFAEL OBLIGADO 58;I6206STM001;10.26.31.160;;
I6206;B;Impresora;TELEG SAN PEDRO CDD BA;RAFAEL OBLIGADO 58;No aplica;10.26.31.109;;
I6224;M;Server;TELEG SAN JOSE DE GUAYMALLEN-CDD MZA;GRAL. JOSÉ DE SAN MARTÍN 678;I6224STM001;10.120.66.19;Oficina dada de baja;
I6225;B;Server;TELEG CDD VILLA BALLESTER BA;REPUBLICA 5367;I6225STM001;10.245.62.170;;
I6225;B;Impresora;TELEG CDD VILLA BALLESTER BA;REPUBLICA 5367;No aplica;10.245.62.171;;
I6250;Z;Server;TELEG RIO GALLEGOS-CDD SC;Desconocido;;;No existen tickets en SM, no figura en Web Teleg.;
I6254;M;Server;TELEG CDD RIVADAVIA - MENDOZA;ARISTOBULO DEL VALLE 189;I6254STM001;10.120.79.170;;
I6254;M;Impresora;TELEG CDD RIVADAVIA - MENDOZA;ARISTOBULO DEL VALLE 189;No aplica;10.120.79.171;;
I6257;B;Server;TELEG LA PLATA CDD5;CALLE 73 919;I6257STM001;10.20.75.170;;
I6257;B;Impresora;TELEG LA PLATA CDD5;CALLE 73 919;No aplica;10.20.75.171;;
I6271;C;Server;TELEG CTT BAIRES SUPERVISION;AV SAN JUAN 1349;C1000ZAAU0515;10.30.136.6;;
I6271;C;Impresora;TELEG CTT BAIRES SUPERVISION;AV SAN JUAN 1349;No aplica;10.30.136.207;;
I6275;W;Server;TELEG - CTT CORRIENTES;SAN JUAN 1098;I6275STM001;10.210.66.171;;
I6275;W;Cliente;TELEG - CTT CORRIENTES;SAN JUAN 1098;I6275STM002;10.210.66.173;;
I6275;W;Cliente;TELEG - CTT CORRIENTES;SAN JUAN 1098;I6275STM004;10.210.66.15;;
I6275;W;Impresora;TELEG - CTT CORRIENTES;SAN JUAN 1098;No aplica;10.210.66.172;;
I6284;Q;Server;TELEG RINCON DE LOS SAUCES - CDD;AV GRAL E MOSCONI 168;I6284STM001;10.150.70.23;;
I6284;Q;Impresora;TELEG RINCON DE LOS SAUCES - CDD;AV GRAL E MOSCONI 168;No aplica;10.150.70.22;;
I6289;H;Server;TELEG BARRANQUERAS CDD;EVA PERON 340;H3503IRLU0001;10.80.69.170;;
I6289;H;Impresora;TELEG BARRANQUERAS CDD;EVA PERON 340;No aplica;10.80.69.171;;
I6290;M;Server;TELEG RODEO DE LA CRUZ CDD;AV BANDERA DE LOS ANDES 10523;M5525ZAAU0001;10.120.80.170;;
I6290;M;Impresora;TELEG RODEO DE LA CRUZ CDD;AV BANDERA DE LOS ANDES 10523;No aplica;10.120.80.90;;
I6298;B;Server;TELEG CDD MASCHWITZ BA;LA PLATA 1125;B1623ANQU0001;10.26.30.170;;
I6298;B;Impresora;TELEG CDD MASCHWITZ BA;LA PLATA 1125;No aplica;10.26.30.171;;
I6359;M;Server;TELEG CTT MENDOZA MZA;AV GRAL SAN MARTIN 678;M5500ZALU0005;10.120.66.175;;
I6359;M;Cliente;TELEG CTT MENDOZA MZA;AV GRAL SAN MARTIN 678;M5500ZALU0002;10.120.66.171;;
I6359;M;Cliente;TELEG CTT MENDOZA MZA;AV GRAL SAN MARTIN 678;M5500ZALu0004;10.120.66.174;;
I6359;M;Cliente;TELEG CTT MENDOZA MZA;AV GRAL SAN MARTIN 678;M5500ZALu0006;10.120.66.176;Sin conexión;
I6372;B;Server;TELEG CDD CAŃUELAS BA;9 DE JULIO 642;B1814ZABU0001;10.26.18.170;;
I6405;B;Server;TELEG Bs As – CDD QUILMES OESTE;YRIGOYEN HIPOLITO 405;I6405STM001;10.20.77.170;;
I6447;S;Server;TELEG ROSARIO V SF;CORDOBA 721;I6447STM001;10.170.66.202;;
I6447;S;Impresora;TELEG ROSARIO V SF;CORDOBA 721;No aplica;10.170.66.20;;
I6900;C;Server;TELEG TELEFONOGRAMAS;AV SAN JUAN 1349;Sin nombre;10.1.12.223;;
I7147;B;Server;TELEG BS AS - MORENO-COM;AV BME MITRE 2402;I7147STM001;10.245.110.170;;
I9801;B;Server;TELEG Baires-A CF;AV. FAIR 1101;No aplica;10.1.122.24;;
I9982;C;Server;TELEG BAIRESI2-TELECOMSPA;AV. SAN JUAN 1349;C1148ZABW0224;10.30.136.188;Se intenta acceder mediante Kitty, pero la conexión es rechazada;
Total;;286;;;;;;
