name,category,icon,tone
Aforadora- Consulta,Hardware,chip,bg-sky-300
Bibloteca Normativas- Consulta de acceso,Aplicaciones,puzzle,bg-violet-300
Boca de red- Instalacion,Instalaciones,spanner,bg-orange-300
Boca de red- Reparacion,Instalaciones,spanner,bg-orange-300
Boca de red- Habilitacion,Instalaciones,spanner,bg-orange-300
CallCenter Giros- Error al conectarse a la base de datos,Aplicaciones,puzzle,bg-violet-300
CallCenter Giros- Instalacion,Aplicaciones,puzzle,bg-violet-300
CallCenterScan- Consulta de acceso,Aplicaciones,puzzle,bg-violet-300
CallCenterScan- Consulta de uso,Aplicaciones,puzzle,bg-violet-300
CallCenterScan- No hay escáner configurado,Aplicaciones,puzzle,bg-violet-300
CallCenterScan- No se visualiza la imagen,Aplicaciones,puzzle,bg-violet-300
Canal Directo- Solicitud de Técnico,Externos,arrow-out-up-right-square,bg-pink-300
Canal Directo - Solicitud de Toner,Externos,arrow-out-up-right-square,bg-pink-300
Celular- Configuracion,Hardware,chip,bg-sky-300
Celular- No enciende,Hardware,chip,bg-sky-300
Celular- Pantalla dañada,Hardware,chip,bg-sky-300
Celular- Provision,Hardware,chip,bg-sky-300
Celular- Sin señal,Hardware,chip,bg-sky-300
Cierre- SUC (Nombre del Sitio/NIS),Otros,frame,bg-neutral-300
Cierre- CDD (Nombre de Sitio/Depto),Otros,frame,bg-neutral-300
Colector de datos- Archivos faltantes,Hardware,chip,bg-sky-300
Colector de datos- Bateria en mal funcionamiento,Hardware,chip,bg-sky-300
Colector de datos- Error conectando,Hardware,chip,bg-sky-300
Colector de datos- Error de java,Hardware,chip,bg-sky-300
Colector de datos- Falla en teclado,Hardware,chip,bg-sky-300
Colector de datos- No Enciende,Hardware,chip,bg-sky-300
Colector de datos- No escanea,Hardware,chip,bg-sky-300
Colector de datos- No reconoce usuario,Hardware,chip,bg-sky-300
Colector de datos- Pines dañados,Hardware,chip,bg-sky-300
Colector de datos- Se apaga,Hardware,chip,bg-sky-300
Colector de datos- Se tilda,Hardware,chip,bg-sky-300
Comunidad Correo- Consulta,Aplicaciones,puzzle,bg-violet-300
Comunidad Correo- WEB QR,Aplicaciones,puzzle,bg-violet-300
Craddle- Cable dañado,Hardware,chip,bg-sky-300
Craddle- No carga baterías,Hardware,chip,bg-sky-300
Craddle- No enciende,Hardware,chip,bg-sky-300
Craddle- Pines dañados,Hardware,chip,bg-sky-300
Denarius- Consulta de acceso,Aplicaciones,puzzle,bg-violet-300
Denarius- Instalación,Aplicaciones,puzzle,bg-violet-300
Denarius- Modificación,Aplicaciones,puzzle,bg-violet-300
Digidoc- Error de escaneo,Aplicaciones,puzzle,bg-violet-300
Digidoc- GPG error al descargar claves del servidor,Aplicaciones,puzzle,bg-violet-300
Digidoc- GPG Faltan archivos de comando,Aplicaciones,puzzle,bg-violet-300
Digidoc- Grupo de usuario no habilitado,Aplicaciones,puzzle,bg-violet-300
Digidoc- Instalacion,Aplicaciones,puzzle,bg-violet-300
EI- Consulta de pieza,Aplicaciones,puzzle,bg-violet-300
EI- No impacta declaración jurada,Aplicaciones,puzzle,bg-violet-300
EI- Plazo de guarda,Aplicaciones,puzzle,bg-violet-300
EI- Solicitud de Query,Aplicaciones,puzzle,bg-violet-300
Endpoint Security- Activacion de Eset,Aplicaciones,puzzle,bg-violet-300
Endpoint Security- Consulta,Aplicaciones,puzzle,bg-violet-300
Endpoint Security- Error en Actualizacion de Modulos,Aplicaciones,puzzle,bg-violet-300
Endpoint Security- URL bloqueada,Aplicaciones,puzzle,bg-violet-300
Enlace- Analisis de RED,Conectividad,wifi,bg-green-300
Enlace- Acceso a RED WIFI,Conectividad,wifi,bg-green-300
Enlace- Analisis de RED WIFI,Conectividad,wifi,bg-green-300
Enlace- Caida de vinculo,Conectividad,wifi,bg-green-300
Enlace- Direccionamiento IP,Conectividad,wifi,bg-green-300
Enlace- Cableado estructurado,Conectividad,wifi,bg-green-300
Enlace- Instalacion de Periscopio,Conectividad,wifi,bg-green-300
Enlace- Instalacion de Boca de RED,Conectividad,wifi,bg-green-300
Enlace- Lentitud,Conectividad,wifi,bg-green-300
Enlace- Microcortes,Conectividad,wifi,bg-green-300
Enlace- Puerto bloqueado,Conectividad,wifi,bg-green-300
Enlace- Registro DNS,Conectividad,wifi,bg-green-300
Enlace- Reserva de IP,Conectividad,wifi,bg-green-300
Enlace- Revision de Cableado,Conectividad,wifi,bg-green-300
Enlace- Revision de Periscopio,Conectividad,wifi,bg-green-300
Enlace- Revisión de Boca de RED,Conectividad,wifi,bg-green-300
Enlace- Solicitud de IP,Conectividad,wifi,bg-green-300
Equipo telefónico- Pieza desgastada,Hardware,chip,bg-sky-300
Falla en aire acondicionado,Otros,frame,bg-neutral-300
Falla en ventiladores,Otros,frame,bg-neutral-300
FAX- Atasca el papel,Hardware,chip,bg-sky-300
Fax- Falla en los cables,Hardware,chip,bg-sky-300
Fax- No enciende,Hardware,chip,bg-sky-300
Fax- No tomas las hojas,Hardware,chip,bg-sky-300
Filatelia- Error en proceso de facturación,Aplicaciones,puzzle,bg-violet-300
Fuente Tipografica- Instalación,Aplicaciones,puzzle,bg-violet-300
GYT- Consulta Operativa,Aplicaciones,puzzle,bg-violet-300
GYT- Entrada de datos sobrepaso el final del archivo,Aplicaciones,puzzle,bg-violet-300
GYT- A excedido la cantidad máxima de intentos,Aplicaciones,puzzle,bg-violet-300
GYT- Actualizacion de maestro de clientes,Aplicaciones,puzzle,bg-violet-300
GYT- Actualizacion de tablas,Aplicaciones,puzzle,bg-violet-300
GYT- Falla en la Conexion ODBC a ORACLE,Aplicaciones,puzzle,bg-violet-300
GYT- Falla reportes PDF,Aplicaciones,puzzle,bg-violet-300
GYT- No Responde,Aplicaciones,puzzle,bg-violet-300
GYT- Un error de comunicación ha ocurrido,Aplicaciones,puzzle,bg-violet-300
GYT- Error de Impresión,Aplicaciones,puzzle,bg-violet-300
HH- Configuración,Hardware,chip,bg-sky-300
HH- Consulta,Hardware,chip,bg-sky-300
HH- Equipo Dañado,Hardware,chip,bg-sky-300
HH- Problemas con el Craddle,Hardware,chip,bg-sky-300
HH- Extravío,Hardware,chip,bg-sky-300
HH- No cambio lockdown,Hardware,chip,bg-sky-300
HH- Pantalla rota,Hardware,chip,bg-sky-300
HH- Enrolamiento,Hardware,chip,bg-sky-300
HH- Problemas con OfficeTrack,Hardware,chip,bg-sky-300
HH- Problemas de señal,Hardware,chip,bg-sky-300
HH- Problemas de Loguin,Hardware,chip,bg-sky-300
HH- Demoras (ordenes despliegue/repliegue),Hardware,chip,bg-sky-300
HH- Robo,Hardware,chip,bg-sky-300
HOST- Eliminar trabajos en cola de impresión,Aplicaciones,puzzle,bg-violet-300
HOST- Redireccionamiento de impresiones,Aplicaciones,puzzle,bg-violet-300
HOST- Retorno a salto de línea,Aplicaciones,puzzle,bg-violet-300
Impacto de Tareas - Sincronización completa,Aplicaciones,puzzle,bg-violet-300
Impresora de label- Atasca el papel,Hardware,chip,bg-sky-300
Impresora de label- Configuración,Hardware,chip,bg-sky-300
Impresora de label- Imprime defasado,Hardware,chip,bg-sky-300
Impresora de label- Marca error,Hardware,chip,bg-sky-300
Impresora de label- No enciende,Hardware,chip,bg-sky-300
Impresora de ticket - No enciende,Hardware,chip,bg-sky-300
Impresora de ticket- Atasca papel,Hardware,chip,bg-sky-300
Impresora de ticket- Configuración,Hardware,chip,bg-sky-300
Impresora de ticket- Consulta,Hardware,chip,bg-sky-300
Impresora de ticket- Estado de error,Hardware,chip,bg-sky-300
Impresora de ticket- Falla en rodillos,Hardware,chip,bg-sky-300
Impresora de ticket- Imprime entre cortado,Hardware,chip,bg-sky-300
Impresora de ticket- No Imprime,Hardware,chip,bg-sky-300
Impresora de ticket- No toma las facturas,Hardware,chip,bg-sky-300
Impresora de ticket- Pedido de mantenimiento,Hardware,chip,bg-sky-300
Impresora de tickets- Cable USB dañado,Hardware,chip,bg-sky-300
Impresora Térmica- Configuracion,Hardware,chip,bg-sky-300
Impresora Térmica- Falla en cables,Hardware,chip,bg-sky-300
Impresora Térmica- Imprime entre cortado,Hardware,chip,bg-sky-300
Impresora Térmica- No enciende,Hardware,chip,bg-sky-300
Intranet- Consulta,Aplicaciones,puzzle,bg-violet-300
Intranet- Lentitud,Aplicaciones,puzzle,bg-violet-300
Intranet- Modificaciones,Aplicaciones,puzzle,bg-violet-300
Intranet- Publicación de documentos normativos,Aplicaciones,puzzle,bg-violet-300
Invgate- Consulta,Aplicaciones,puzzle,bg-violet-300
Invgate- Grupo Faltante,Aplicaciones,puzzle,bg-violet-300
IPS- Consulta sobre piezas,Aplicaciones,puzzle,bg-violet-300
IPS- Imprime entrecortado,Aplicaciones,puzzle,bg-violet-300
IPS- Instalacion,Aplicaciones,puzzle,bg-violet-300
IPS- No genera el formulario CN65,Aplicaciones,puzzle,bg-violet-300
Indra- Consulta,Electoral,buildings,bg-red-300
Relevamiento- Operativo Presentismo,Electoral,buildings,bg-red-300
Nombramiento Electoral- Consulta,Aplicaciones,puzzle,bg-violet-300
Electoral- WEB Operadores,Aplicaciones,puzzle,bg-violet-300
JAVA- Instalación de complementos,Aplicaciones,puzzle,bg-violet-300
Lapiz Optico- No enciende,Hardware,chip,bg-sky-300
Lapiz Optico- No lee las piezas,Hardware,chip,bg-sky-300
Láser- Consulta,Hardware,chip,bg-sky-300
Láser- Configuracion de escáner,Hardware,chip,bg-sky-300
Láser- Configuracion de impresora,Hardware,chip,bg-sky-300
Láser- Error de fusor,Hardware,chip,bg-sky-300
Láser- Error en visor,Hardware,chip,bg-sky-300
Láser- Mancha las hojas,Hardware,chip,bg-sky-300
Láser- Pedido de mantenimiento,Hardware,chip,bg-sky-300
Láser- Traba las hojas,Hardware,chip,bg-sky-300
Lector de huellas- Cable dañado,Hardware,chip,bg-sky-300
Lector de huellas- Configuracion,Hardware,chip,bg-sky-300
Lector de huellas- No enciende,Hardware,chip,bg-sky-300
Lector de huellas- No toma la huella,Hardware,chip,bg-sky-300
Lectoras MRZ- Cable dañado,Hardware,chip,bg-sky-300
Lectoras MRZ- No funciona el laser,Hardware,chip,bg-sky-300
Línea- Alta de línea,Conectividad,wifi,bg-green-300
Línea- Falta de Servicio,Conectividad,wifi,bg-green-300
Línea- Interno sin tono,Conectividad,wifi,bg-green-300
Línea- No puede realizar llamadas salientes externas,Conectividad,wifi,bg-green-300
Línea- Telefono analogico sin tono,Conectividad,wifi,bg-green-300
MFA-Configuracion doble factor,Aplicaciones,puzzle,bg-violet-300
MFA-Consulta operativa,Aplicaciones,puzzle,bg-violet-300
MFA-Excedió la cantidad máxima de intentos,Aplicaciones,puzzle,bg-violet-300
MFA-Reset QR,Aplicaciones,puzzle,bg-violet-300
MiCorreo- Consulta,Aplicaciones,puzzle,bg-violet-300
MiCorreo- Incidente con sellos digitales,Aplicaciones,puzzle,bg-violet-300
MiCorreo- Mensaje de Error,Aplicaciones,puzzle,bg-violet-300
MiCorreo- Problemas de Pagos,Aplicaciones,puzzle,bg-violet-300
MiCorreo- Problemas de Acceso,Aplicaciones,puzzle,bg-violet-300
Microsoft Outlook- Consulta,Aplicaciones,puzzle,bg-violet-300
Microsoft Outlook- Acceso buzón Genérico,Aplicaciones,puzzle,bg-violet-300
Microsoft Outlook- Configuracion de buzon,Aplicaciones,puzzle,bg-violet-300
Microsoft Outlook- Configuracion de firma,Aplicaciones,puzzle,bg-violet-300
Microsoft Outlook- Configuracion de idioma,Aplicaciones,puzzle,bg-violet-300
Microsoft Outlook- Error 500,Aplicaciones,puzzle,bg-violet-300
Microsoft Outlook- Falla al inicar sesion,Aplicaciones,puzzle,bg-violet-300
Microsoft Outlook- No se pudo enviar el mensaje,Aplicaciones,puzzle,bg-violet-300
Microsoft Outlook- No se pueden eliminar mails,Aplicaciones,puzzle,bg-violet-300
Microsoft Outlook- Redirige a Webmail,Aplicaciones,puzzle,bg-violet-300
MidPoint- Cambio de Mail Registrado,Aplicaciones,puzzle,bg-violet-300
MidPoint- Consulta,Aplicaciones,puzzle,bg-violet-300
MidPoint- Usuario Deshabilitado,Aplicaciones,puzzle,bg-violet-300
Monitor- Falla en cables,Hardware,chip,bg-sky-300
Monitor- No da imagen,Hardware,chip,bg-sky-300
Monitor- No enciende,Hardware,chip,bg-sky-300
Monitor- Se apaga solo,Hardware,chip,bg-sky-300
Mosaic- Actualización de tarifas,Aplicaciones,puzzle,bg-violet-300
Mosaic- Baja de operador,Aplicaciones,puzzle,bg-violet-300
Mosaic- Baja de servidor,Aplicaciones,puzzle,bg-violet-300
Mosaic- Consulta,Aplicaciones,puzzle,bg-violet-300
Mosaic- Caidas en vuelo (Operación no impacta en mosaic),Aplicaciones,puzzle,bg-violet-300
Mosaic- CDS_TIME_OUT,Aplicaciones,puzzle,bg-violet-300
Mosaic- Cheque inexistente,Aplicaciones,puzzle,bg-violet-300
Mosaic- Chequeo de servicios,Aplicaciones,puzzle,bg-violet-300
Mosaic- Cierre de tesoro,Aplicaciones,puzzle,bg-violet-300
Mosaic- Configuracion de unidad W,Aplicaciones,puzzle,bg-violet-300
Mosaic- Configuracion de unidad X,Aplicaciones,puzzle,bg-violet-300
Mosaic- Data dictionary open failed #353 Sucursal,Aplicaciones,puzzle,bg-violet-300
Mosaic- Data dictionary open failed #353 PC,Aplicaciones,puzzle,bg-violet-300
Mosaic- Diferencia contable,Aplicaciones,puzzle,bg-violet-300
Mosaic- El cheque no ha sido registrado,Aplicaciones,puzzle,bg-violet-300
Mosaic- El viejo proceso de Firefox se está ejecutando,Aplicaciones,puzzle,bg-violet-300
Mosaic- Eliminación de chequera,Aplicaciones,puzzle,bg-violet-300
Mosaic- Eliminacion de pieza,Aplicaciones,puzzle,bg-violet-300
Mosaic- Error 940 CDS Find,Aplicaciones,puzzle,bg-violet-300
Mosaic- Error al convertir TXT a PDF,Aplicaciones,puzzle,bg-violet-300
Mosaic- Error Cierre del Dia,Aplicaciones,puzzle,bg-violet-300
Mosaic- Error Runtime,Aplicaciones,puzzle,bg-violet-300
Mosaic- Falla de actualizacion de bobs,Aplicaciones,puzzle,bg-violet-300
Mosaic- Fallo de conexión al CD Server,Aplicaciones,puzzle,bg-violet-300
Mosaic- Fatal error #829,Aplicaciones,puzzle,bg-violet-300
Mosaic- Fatal error #857,Aplicaciones,puzzle,bg-violet-300
Mosaic- No se pudo almacenar la Huella Digital,Aplicaciones,puzzle,bg-violet-300
Mosaic- No se puede realizar la consulta,Aplicaciones,puzzle,bg-violet-300
Mosaic- Operaciones WEB,Aplicaciones,puzzle,bg-violet-300
Mosaic- Pieza existente en tabla de stock,Aplicaciones,puzzle,bg-violet-300
Mosaic- Pieza no corresponde al grupo,Aplicaciones,puzzle,bg-violet-300
Mosaic- Redireccionameinto de impresión,Aplicaciones,puzzle,bg-violet-300
Mosaic- Reimpresion de label,Aplicaciones,puzzle,bg-violet-300
Mosaic- Tranferencia de Usuario,Aplicaciones,puzzle,bg-violet-300
Mouse- Cable dañado,Hardware,chip,bg-sky-300
Mouse- No responde,Hardware,chip,bg-sky-300
Mouse- Pieza desgastada,Hardware,chip,bg-sky-300
MercadoPago- No impacta el pago del cliente,Aplicaciones,puzzle,bg-violet-300
MercadoPago- No sale el comprobante,Aplicaciones,puzzle,bg-violet-300
MercadoPago- Terminal no habilitada para el cobro,Aplicaciones,puzzle,bg-violet-300
MS Teams- Desbloqueo de Dominio,Aplicaciones,puzzle,bg-violet-300
Mudanza- CDD (Nombre de Sitio/Depto),Otros,frame,bg-neutral-300
Mudanza- Hardware,Otros,frame,bg-neutral-300
Mudanza- SUC (Nombre de Sitio/NIS),Otros,frame,bg-neutral-300
Netterm- Configuraciòn,Aplicaciones,puzzle,bg-violet-300
Netterm- Consulta de uso,Aplicaciones,puzzle,bg-violet-300
Netterm- Instalación,Aplicaciones,puzzle,bg-violet-300
Nettern- Error de conexión con el servidor,Aplicaciones,puzzle,bg-violet-300
Notebook- Código BitLocker,Hardware,chip,bg-sky-300
Notebook- Configuración Wifi,Hardware,chip,bg-sky-300
Notebook- Consulta,Hardware,chip,bg-sky-300
Notebook- Extravío,Hardware,chip,bg-sky-300
Notebook- Falla Bateria,Hardware,chip,bg-sky-300
Notebook- Falla Cargador,Hardware,chip,bg-sky-300
Notebook- Remasterizar,Hardware,chip,bg-sky-300
Notebook- Fuera de Dominio,Hardware,chip,bg-sky-300
Notebook- No enciende,Hardware,chip,bg-sky-300
Notebook- Robo,Hardware,chip,bg-sky-300
Notebook- Se reinicia,Hardware,chip,bg-sky-300
Notebook- Se tilda,Hardware,chip,bg-sky-300
OfficeTrack- Alta de transportista,Aplicaciones,puzzle,bg-violet-300
OfficeTrack- Falta de capacitación (Firma digital),Aplicaciones,puzzle,bg-violet-300
OfficeTrack- Falta de capacitación (Geolocalización manual),Aplicaciones,puzzle,bg-violet-300
OfficeTrack- No impactan las piezas,Aplicaciones,puzzle,bg-violet-300
Oficios Judiciales- Error de balance,Aplicaciones,puzzle,bg-violet-300
OnBase- Control del bloqueo de procesos,Aplicaciones,puzzle,bg-violet-300
OnBase- Error de Acceso,Aplicaciones,puzzle,bg-violet-300
OnBase- Error en Lotes,Aplicaciones,puzzle,bg-violet-300
Operativo Exámenes Médicos,Aplicaciones,puzzle,bg-violet-300
DTD- Consulta,Electoral,buildings,bg-red-300
DTD- Instalación,Electoral,buildings,bg-red-300
DTD- Falla al ejecutar,Electoral,buildings,bg-red-300
DTD- Configuración de Escaner,Electoral,buildings,bg-red-300
DTD- Error de escaneo,Electoral,buildings,bg-red-300
PC- Consulta,Hardware,chip,bg-sky-300
PC- Cables dañados,Hardware,chip,bg-sky-300
PC- Configuración,Hardware,chip,bg-sky-300
PC- Falla en puertos USB,Hardware,chip,bg-sky-300
PC- Fuera de dominio,Hardware,chip,bg-sky-300
PC- No enciende,Hardware,chip,bg-sky-300
PC- No inicia sistema operativo,Hardware,chip,bg-sky-300
PC- Solicitud de mantenimiento,Hardware,chip,bg-sky-300
PDC- Consulta,Aplicaciones,puzzle,bg-violet-300
PDC- Login incorrecto,Aplicaciones,puzzle,bg-violet-300
PDC- Actualizacion de frama,Aplicaciones,puzzle,bg-violet-300
PDC- Alta de Frama,Aplicaciones,puzzle,bg-violet-300
PDC- Baja de Frama,Aplicaciones,puzzle,bg-violet-300
Pistola lectora- Cable roto,Hardware,chip,bg-sky-300
Pistola Lectora- Configurar,Hardware,chip,bg-sky-300
Pistola lectora- No enciende,Hardware,chip,bg-sky-300
Pistola lectora- No enciende laser,Hardware,chip,bg-sky-300
Pistola lectora- No lee codigos de barras,Hardware,chip,bg-sky-300
Portal Autogestión- Consulta,Aplicaciones,puzzle,bg-violet-300
Portal Autogestión- Problema de acceso,Aplicaciones,puzzle,bg-violet-300
POS- Consulta,Externos,arrow-out-up-right-square,bg-pink-300
POS- Baja de terminal,Externos,arrow-out-up-right-square,bg-pink-300
POS- Cierre de Lote,Externos,arrow-out-up-right-square,bg-pink-300
POS- Extracción ticket de configuración,Externos,arrow-out-up-right-square,bg-pink-300
POS- Operaciones Inhabilitadas,Externos,arrow-out-up-right-square,bg-pink-300
POS- Pedido de insumos,Externos,arrow-out-up-right-square,bg-pink-300
POS- Problema con Cobranza,Externos,arrow-out-up-right-square,bg-pink-300
POS- Problema con extracciones,Externos,arrow-out-up-right-square,bg-pink-300
POS- Problema de Hardware,Externos,arrow-out-up-right-square,bg-pink-300
POS- Problemas de Conexión,Externos,arrow-out-up-right-square,bg-pink-300
POS- Reconfigurar a modo integrado,Externos,arrow-out-up-right-square,bg-pink-300
POS- Reconfigurar a modo NO integrado,Externos,arrow-out-up-right-square,bg-pink-300
POS- Remplazo de Terminal,Externos,arrow-out-up-right-square,bg-pink-300
QlickSense- Acceso denegado,Aplicaciones,puzzle,bg-violet-300
Mantenimiento Edilicio- Consulta,Otros,frame,bg-neutral-300
SAP- Activar Interface,Aplicaciones,puzzle,bg-violet-300
SAP- Configuración,Aplicaciones,puzzle,bg-violet-300
SAP- Consulta de uso,Aplicaciones,puzzle,bg-violet-300
SAP- Error de carga 88,Aplicaciones,puzzle,bg-violet-300
SAP- Falta de autorización,Aplicaciones,puzzle,bg-violet-300
SAP- Habilitación de usuario,Aplicaciones,puzzle,bg-violet-300
SAP- Instalacion,Aplicaciones,puzzle,bg-violet-300
SAP- Reasignar Transferencia,Aplicaciones,puzzle,bg-violet-300
SAP- Rehabilitar cola de impresión,Aplicaciones,puzzle,bg-violet-300
Service Manager- Alta CI,Aplicaciones,puzzle,bg-violet-300
Service Manager- Alta de Departamento,Aplicaciones,puzzle,bg-violet-300
Service Manager- Alta de Ubicación,Aplicaciones,puzzle,bg-violet-300
Service Manager- Baja CI,Aplicaciones,puzzle,bg-violet-300
Service Manager- Consulta de uso,Aplicaciones,puzzle,bg-violet-300
Service Manager- Modificación de Departamento,Aplicaciones,puzzle,bg-violet-300
Service Manager- Modificación de Ubicación,Aplicaciones,puzzle,bg-violet-300
Service Manager- Problema de acceso,Aplicaciones,puzzle,bg-violet-300
Servidor MOA- Falla en Actualización de tablas,Aplicaciones,puzzle,bg-violet-300
Servidor MOA- Falla en cables,Hardware,chip,bg-sky-300
Servidor MOA- Falla en discos,Hardware,chip,bg-sky-300
Servidor MOA- Falla en SO,Hardware,chip,bg-sky-300
Servidor MOA- Pedido de mantenimiento general,Hardware,chip,bg-sky-300
Servilog- Configuracion,Aplicaciones,puzzle,bg-violet-300
Servilog- Instalacion,Aplicaciones,puzzle,bg-violet-300
SIE Online- Consulta,Aplicaciones,puzzle,bg-violet-300
Simon C#- Instalación,Aplicaciones,puzzle,bg-violet-300
Simon C#- Configuración,Aplicaciones,puzzle,bg-violet-300
Simon C#- Mensaje de Error,Aplicaciones,puzzle,bg-violet-300
Sistema Central Paq- No figuran las piezas,Aplicaciones,puzzle,bg-violet-300
Sistema Central Paq- Borrado de pieza,Aplicaciones,puzzle,bg-violet-300
Sistema Central Paq- Consulta,Aplicaciones,puzzle,bg-violet-300
Sistema Central Paq- Detalle de envio,Aplicaciones,puzzle,bg-violet-300
Sistema Central Paq- Link de acceso,Aplicaciones,puzzle,bg-violet-300
Sistema Central Paq- Login incorrecto,Aplicaciones,puzzle,bg-violet-300
Sistema Central Paq- No carga OT,Aplicaciones,puzzle,bg-violet-300
Sistema de turnos- Configuracion de pantalla,Hardware,chip,bg-sky-300
Sistema de turnos- Cubic no enciende,Hardware,chip,bg-sky-300
Sistema de turnos- Cubic no inicia el sistema operativo,Hardware,chip,bg-sky-300
Sistema de turnos- Falla en los cables HDMI,Hardware,chip,bg-sky-300
Sistema de turnos- Falla en los cables power,Hardware,chip,bg-sky-300
Sistema de turnos- TV falla pestaña,Hardware,chip,bg-sky-300
Sistema de turnos- TV no enciende,Hardware,chip,bg-sky-300
SoftPhone- Connection Lost,Aplicaciones,puzzle,bg-violet-300
SoftPhone- Consulta de uso,Aplicaciones,puzzle,bg-violet-300
SoftPhone- Instalacion,Aplicaciones,puzzle,bg-violet-300
SoftPhone- Terminal no registrada,Aplicaciones,puzzle,bg-violet-300
SoftPhone- Servicio no autorizado,Aplicaciones,puzzle,bg-violet-300
SOP- Actualización de tablas,Aplicaciones,puzzle,bg-violet-300
SOP- Actualización de version,Aplicaciones,puzzle,bg-violet-300
SOP- Actualizacion unidad de negocio,Aplicaciones,puzzle,bg-violet-300
SOP- Alta de cola de impresión,Aplicaciones,puzzle,bg-violet-300
SOP- Blanqueo de Contraseña administrativa,Aplicaciones,puzzle,bg-violet-300
SOP- Blanqueo de usuario de Scanner,Aplicaciones,puzzle,bg-violet-300
SOP- Borrar cola de impresión,Aplicaciones,puzzle,bg-violet-300
SOP- Falla al generar Circuito,Aplicaciones,puzzle,bg-violet-300
SOP Central- Demora en impacto de piezas,Aplicaciones,puzzle,bg-violet-300
SOP Central- Error en el servidor,Aplicaciones,puzzle,bg-violet-300
SOP Central- Falta operador HH,Aplicaciones,puzzle,bg-violet-300
SOP Central- No figura circuito para cerrar,Aplicaciones,puzzle,bg-violet-300
SOP Central- Usuario y contraseña incorrecto,Aplicaciones,puzzle,bg-violet-300
SOP Central- Consulta de uso,Aplicaciones,puzzle,bg-violet-300
SOP Central- Falta menu distribucion,Aplicaciones,puzzle,bg-violet-300
SOP Central- UN Incorrecta,Aplicaciones,puzzle,bg-violet-300
SOP Central- Usuario logueado en otro puesto,Aplicaciones,puzzle,bg-violet-300
SOP Central- Usuario no pertenece al grupo,Aplicaciones,puzzle,bg-violet-300
SOP- Configuración de fecha y hora,Aplicaciones,puzzle,bg-violet-300
SOP- Error de escaneo,Aplicaciones,puzzle,bg-violet-300
SOP- Error en planillas,Aplicaciones,puzzle,bg-violet-300
SOP- Inconsistencia de datos,Aplicaciones,puzzle,bg-violet-300
SOP- No impactan las piezas,Aplicaciones,puzzle,bg-violet-300
SOP- Redireccionamiento de impresiones,Aplicaciones,puzzle,bg-violet-300
SOP- Rehabilitar bajada de tablas,Aplicaciones,puzzle,bg-violet-300
STS- Consulta,Aplicaciones,puzzle,bg-violet-300
STS- Alta/Baja de Cliente,Aplicaciones,puzzle,bg-violet-300
STS- Alta/Cierre de Oficina,Aplicaciones,puzzle,bg-violet-300
STS- Carta Documento duplicada,Aplicaciones,puzzle,bg-violet-300
STS- Configuración de impresiones,Aplicaciones,puzzle,bg-violet-300
STS- Corrección de Hora y Fecha Sistema,Aplicaciones,puzzle,bg-violet-300
STS- Creación de casilla en HOST,Aplicaciones,puzzle,bg-violet-300
STS- Desvío de tráfico telegráfico,Aplicaciones,puzzle,bg-violet-300
STS- Error Inesperado,Aplicaciones,puzzle,bg-violet-300
STS- Imagen Corrupta,Aplicaciones,puzzle,bg-violet-300
STS- Modificación de telegrama,Aplicaciones,puzzle,bg-violet-300
STS- No recibe seriales,Aplicaciones,puzzle,bg-violet-300
STS- Parametrizar Terminal,Aplicaciones,puzzle,bg-violet-300
STS- Desconexión de Agentes ,Aplicaciones,puzzle,bg-violet-300
STS- Re direccionamiento de impresiones,Aplicaciones,puzzle,bg-violet-300
STS- Reporte STSPROD,Aplicaciones,puzzle,bg-violet-300
STS- Resguardo de Trafico,Aplicaciones,puzzle,bg-violet-300
STS- Consulta DESA SIE,Aplicaciones,puzzle,bg-violet-300
SUBE- Error de conexión,Externos,arrow-out-up-right-square,bg-pink-300
SUBE- Error de hardware,Externos,arrow-out-up-right-square,bg-pink-300
Tablet- Cargador dañado,Hardware,chip,bg-sky-300
Tablet- Problema de hardware,Hardware,chip,bg-sky-300
Teclado- Falla en cables,Hardware,chip,bg-sky-300
Teclado- Fallan teclas,Hardware,chip,bg-sky-300
Teclado- No funciona parte numérica,Hardware,chip,bg-sky-300
Teclado- Piezas degastada,Hardware,chip,bg-sky-300
Telefono IP- Fuera de servicio,Hardware,chip,bg-sky-300
Telefono IP- Configuración de interno,Hardware,chip,bg-sky-300
Telefono IP- Falla cable rulo,Hardware,chip,bg-sky-300
Telefono IP- No enciende,Hardware,chip,bg-sky-300
Telefono IP- Sin tono,Hardware,chip,bg-sky-300
TelegraphScan- Configuracion de escaner,Aplicaciones,puzzle,bg-violet-300
TelegraphScan- Consulta,Aplicaciones,puzzle,bg-violet-300
TelegraphScan- Error al escanear,Aplicaciones,puzzle,bg-violet-300
TelegraphScan- Error al intentar enviar la imagen,Aplicaciones,puzzle,bg-violet-300
TelegraphScan- Error en la lista de prioridades,Aplicaciones,puzzle,bg-violet-300
TelegraphScan- No es posible obtener la lista de imágenes,Aplicaciones,puzzle,bg-violet-300
TelegraphScan- Falla de Actualizacion NETFramework,Aplicaciones,puzzle,bg-violet-300
TOTEM Mediterranea- No enciende,Externos,arrow-out-up-right-square,bg-pink-300
TOTEM Mediterranea- No imprime los turnos,Externos,arrow-out-up-right-square,bg-pink-300
TOTEM Mediterranea- No inicia sistema operativo,Externos,arrow-out-up-right-square,bg-pink-300
TOTEM Mediterranea- Reubicación de equipo,Externos,arrow-out-up-right-square,bg-pink-300
TOTEM Carga Virtual- Consulta,Hardware,chip,bg-sky-300
TOTEM Carga Virtual- Análisis de RED,Hardware,chip,bg-sky-300
Trazabilidad- Consulta,Electoral,buildings,bg-red-300
Trazabilidad- Acceso bloqueado,Electoral,buildings,bg-red-300
Trazabilidad- Problemas de Login,Electoral,buildings,bg-red-300
Trazabilidad- No tiene grupos asociados,Electoral,buildings,bg-red-300
Trazabilidad- Despliegue/Repliegue,Electoral,buildings,bg-red-300
Trazabilidad- No aparece Operativo,Electoral,buildings,bg-red-300
T&T- Alta de cola de impresion,Aplicaciones,puzzle,bg-violet-300
T&T- Alta de Nuevo Puesto SOP,Aplicaciones,puzzle,bg-violet-300
T&T- Consulta,Aplicaciones,puzzle,bg-violet-300
T&T- Demoras en el HOST,Aplicaciones,puzzle,bg-violet-300
T&T- Demoras TTSPROD,Aplicaciones,puzzle,bg-violet-300
T&T- Desarchivo de pieza,Aplicaciones,puzzle,bg-violet-300
T&T- Desbloquear usuario de Host,Aplicaciones,puzzle,bg-violet-300
T&T- HOST en Mantenimiento,Aplicaciones,puzzle,bg-violet-300
T&T- Modificacion de Evento,Aplicaciones,puzzle,bg-violet-300
T&T- No hay conexión con el servidor,Aplicaciones,puzzle,bg-violet-300
T&T- No impacta piezas en HOST,Aplicaciones,puzzle,bg-violet-300
T&T- No impacta Tareas D1,Aplicaciones,puzzle,bg-violet-300
T&T- No impacta piezas en Backend,Aplicaciones,puzzle,bg-violet-300
T&T- No Imprime Planilla D1,Aplicaciones,puzzle,bg-violet-300
T&T- Parametrizar Terminal,Aplicaciones,puzzle,bg-violet-300
T&T- Perdida de escaneos,Aplicaciones,puzzle,bg-violet-300
T&T- Rehabilitar cola de impresión,Aplicaciones,puzzle,bg-violet-300
TV Mediterranea- No da imagen,Externos,arrow-out-up-right-square,bg-pink-300
TV Mediterranea- No enciende,Externos,arrow-out-up-right-square,bg-pink-300
TV Mediterranea- No Carga Sistema de Turno,Externos,arrow-out-up-right-square,bg-pink-300
TV Mediterranea- No se visualiza Turno,Externos,arrow-out-up-right-square,bg-pink-300
TV Mediterranea- Se apaga solo,Externos,arrow-out-up-right-square,bg-pink-300
TV Mediterranea- Reubicación de equipo,Externos,arrow-out-up-right-square,bg-pink-300
Ubuntu- Desbloqueo de teclado numérico,Aplicaciones,puzzle,bg-violet-300
UER- Consulta de uso,Aplicaciones,puzzle,bg-violet-300
UER- Error de tablas,Aplicaciones,puzzle,bg-violet-300
UER- Error en parametria,Aplicaciones,puzzle,bg-violet-300
Vencimiento de envíos- Pieza no encontrada,Aplicaciones,puzzle,bg-violet-300
VPN- Error de autenticacion,Aplicaciones,puzzle,bg-violet-300
VPN- Error de conexión,Aplicaciones,puzzle,bg-violet-300
VPN- Microcortes,Aplicaciones,puzzle,bg-violet-300
Share- Acceso a carpeta compartida,Aplicaciones,puzzle,bg-violet-300
Share- Permisos de acceso,Aplicaciones,puzzle,bg-violet-300
Share- Solicitud de alta de usuario,Aplicaciones,puzzle,bg-violet-300
Share- Solicitud de baja de usuario,Aplicaciones,puzzle,bg-violet-300
Share- Modificación de permisos,Aplicaciones,puzzle,bg-violet-300
W10- Activacion de producto,Aplicaciones,puzzle,bg-violet-300
W10- Bitloker,Aplicaciones,puzzle,bg-violet-300
W10- Blue Screen,Aplicaciones,puzzle,bg-violet-300
W10- Cambio de clave,Aplicaciones,puzzle,bg-violet-300
W10- Conexion a escritorio remoto,Aplicaciones,puzzle,bg-violet-300
W10- Configuración - Escaneos,Aplicaciones,puzzle,bg-violet-300
W10- Configuracion de impresora a terminal,Aplicaciones,puzzle,bg-violet-300
W10- Habilitacion de protocolo SMB1,Aplicaciones,puzzle,bg-violet-300
W10- Instalación de aplicaciones,Aplicaciones,puzzle,bg-violet-300
W10- Nombre normalizado,Aplicaciones,puzzle,bg-violet-300
W10- Terminal fuera de dominio,Aplicaciones,puzzle,bg-violet-300
WEB- Consulta,Aplicaciones,puzzle,bg-violet-300
WEB- Error 404,Aplicaciones,puzzle,bg-violet-300
WEB- Error 504,Aplicaciones,puzzle,bg-violet-300
WEB- La conexión no es privada,Aplicaciones,puzzle,bg-violet-300
WEB- No se puede acceder al sitio web,Aplicaciones,puzzle,bg-violet-300
WISE- Acceso,Aplicaciones,puzzle,bg-violet-300
WMS- Contenedor inexistente,Aplicaciones,puzzle,bg-violet-300
WMS- Demoras,Aplicaciones,puzzle,bg-violet-300
WMS- Error al imprimir comprobante,Aplicaciones,puzzle,bg-violet-300
WMS- Error de stock,Aplicaciones,puzzle,bg-violet-300
WMS- Lentitud,Aplicaciones,puzzle,bg-violet-300
WMS- Limpieza de líneas,Aplicaciones,puzzle,bg-violet-300
WMS- No general OT,Aplicaciones,puzzle,bg-violet-300
WPS- Configuración de aplicación,Aplicaciones,puzzle,bg-violet-300
WPS- Consulta de uso,Aplicaciones,puzzle,bg-violet-300
WPS- Instalación,Aplicaciones,puzzle,bg-violet-300
WUI- Error de comunicación,Aplicaciones,puzzle,bg-violet-300
WUI- Falla en la transmision,Aplicaciones,puzzle,bg-violet-300
WUI- Terminal no dada de alta,Aplicaciones,puzzle,bg-violet-300